analyst,stock,symbol,call_date,last_buy_date,exit_date,position,actions,entry,current,return_pct,nifty_pct,alpha_pct,status
Kutumba Rao,AB Capital,,2026-05-27,2026-05-27,,open,Buy,,,,,,no-price
Kutumba Rao,Adani Enterprises,ADANIENT.NS,2026-04-17,2026-04-17,,open,Buy,2217.31,3012.9,35.9,-2.9,38.7,ok
Kutumba Rao,Adani Ports,ADANIPORTS.NS,2026-05-22,2026-05-22,,open,Buy/Add,1779.4,1780.8,0.1,-0.3,0.3,ok
Kutumba Rao,Adani Power,ADANIPOWER.NS,2026-04-29,2026-07-15,,open,Buy,219.28,212.4,-3.1,-2.1,-1.0,ok
Kutumba Rao,Aditya Birla Money,BIRLAMONEY.NS,2026-04-20,2026-04-20,,open,Buy,150.81,131.34,-12.9,-2.9,-10.0,ok
Kutumba Rao,AGI Greenpac,AGI.NS,2026-05-07,2026-07-03,,open,Buy,634.5,661.35,4.2,-2.7,7.0,ok
Kutumba Rao,AGS Transact Technologies,AGSTRA.NS,2026-06-24,2026-06-24,,open,Buy,2.69,2.21,-17.8,-0.1,-17.7,ok
Kutumba Rao,Amara Raja Energy & Mobility,ARE&M.NS,2026-05-26,2026-06-16,,open,Add/Buy,889.3,878.1,-1.3,-1.1,-0.2,ok
Kutumba Rao,Amber Enterprises,AMBER.NS,2026-07-03,2026-07-03,,open,Buy,7484.5,7276.0,-2.8,-2.5,-0.3,ok
Kutumba Rao,Ambuja Cements,AMBUJACEM.NS,2026-04-28,2026-07-17,,open,Buy,456.54,418.4,-8.4,-1.4,-6.9,ok
Kutumba Rao,Anantaraj,,2025-12-09,2025-12-09,,open,Buy,,,,,,no-price
Kutumba Rao,Anantraj,ANANTRAJ.NS,2026-02-23,2026-02-23,,open,Buy,547.65,583.2,6.5,-8.0,14.5,ok
Kutumba Rao,Anoop Engineering,ANUP.NS,2026-06-17,2026-06-17,,open,Buy,2132.4,2075.0,-2.7,-1.8,-0.9,ok
Kutumba Rao,Apar Industries,APARINDS.NS,2026-07-09,2026-07-09,,open,Accumulate,14070.0,13441.0,-4.5,-1.3,-3.2,ok
Kutumba Rao,Ashok Leyland,ASHOKLEY.NS,2025-12-23,2026-04-10,,open,Buy/Buy on dips,174.98,148.41,-15.2,-9.6,-5.6,ok
Kutumba Rao,"Asset Management Companies (AMCs, e.g. Nippon Life AMC)",,2026-04-06,2026-04-06,,open,Buy,,,,,,no-price
Kutumba Rao,Astra Microwave Products,ASTRAMICRO.NS,2026-07-13,2026-07-13,,open,Buy,1719.7,1770.5,3.0,-2.3,5.2,ok
Kutumba Rao,Ather Energy,ATHERENERG.NS,2026-04-07,2026-07-15,,open,Accumulate/Add/Buy,761.0,1201.5,57.9,2.3,55.6,ok
Kutumba Rao,Avantel,AVANTEL.NS,2025-12-09,2025-12-09,2026-02-10,closed,Accumulate,142.36,150.15,5.5,0.4,5.1,ok
Kutumba Rao,Avanti Feeds,AVANTIFEED.NS,2026-02-13,2026-07-22,,open,Accumulate/Add,1424.35,963.5,-32.4,-7.1,-25.2,ok
Kutumba Rao,Bajaj Finance,BAJFINANCE.NS,2026-06-23,2026-06-23,,open,Buy,956.52,1019.4,6.6,-0.7,7.3,ok
Kutumba Rao,Bajaj Holdings,BAJAJHLDNG.NS,2026-04-02,2026-04-02,,open,Buy,8882.13,10700.0,20.5,4.2,16.3,ok
Kutumba Rao,Bajaj Housing Finance,BAJAJHFL.NS,2026-03-25,2026-03-25,2026-06-16,closed,Accumulate/Buy,79.13,85.9,8.6,2.9,5.6,ok
Kutumba Rao,Bandhan Small Cap Fund,,2026-04-15,2026-04-21,,open,Buy,,,,,,no-price
Kutumba Rao,"Bank Nifty 52,000 Put",,2026-03-27,2026-03-27,,open,Buy,,,,,,no-price
Kutumba Rao,Bank of India,BANKINDIA.NS,2026-03-19,2026-03-19,,open,Buy,141.16,140.93,-0.2,2.9,-3.0,ok
Kutumba Rao,Bans (Bansal Wire / Bans),,2026-05-25,2026-05-25,,open,Accumulate,,,,,,no-price
Kutumba Rao,Bharat Electronics (BEL),BEL.NS,2026-04-06,2026-06-25,,open,Add/Buy on dips,427.15,402.65,-5.7,3.0,-8.7,ok
Kutumba Rao,Bharat Forge,BHARATFORG.NS,2025-12-17,2025-12-17,,open,Accumulate,1407.42,2149.9,52.8,-8.4,61.1,ok
Kutumba Rao,Bharti Airtel,BHARTIARTL.NS,2026-02-27,2026-02-27,,open,Buy,1879.3,1888.2,0.5,-6.0,6.5,ok
Kutumba Rao,Biocon,BIOCON.NS,2025-12-09,2026-07-15,,open,Accumulate/Add/Buy,383.19,430.55,12.4,-8.4,20.8,ok
Kutumba Rao,Blue Star,BLUESTARCO.NS,2026-05-19,2026-05-19,,open,Add on dips,1673.79,1616.9,-3.4,0.2,-3.6,ok
Kutumba Rao,BSE,BSE.NS,2026-02-12,2026-02-12,2026-03-05,closed,Buy,3134.94,2754.14,-12.1,-4.0,-8.1,ok
Kutumba Rao,Canara Bank,CANBK.NS,2026-02-11,2026-06-01,,open,Accumulate/Add/Buy on dips,140.86,123.78,-12.1,-8.8,-3.3,ok
Kutumba Rao,Canara Robeco,CRAMC.NS,2026-04-09,2026-04-09,,open,Buy,252.37,258.66,2.5,-0.5,3.0,ok
Kutumba Rao,Capital Infra Trust,CAPINVIT-IV.NS,2026-06-30,2026-06-30,,open,Accumulate,,,,,,no-data
Kutumba Rao,Capson,,2026-07-17,2026-07-17,,open,Buy,,,,,,no-price
Kutumba Rao,Capston,,2026-07-21,2026-07-21,,open,Buy,,,,,,no-price
Kutumba Rao,Capstone,,2026-07-03,2026-07-03,,open,Buy,,,,,,no-price
Kutumba Rao,Carborundum Universal,CARBORUNIV.NS,2026-05-07,2026-05-07,,open,Buy,1003.4,1049.8,4.6,-2.7,7.4,ok
Kutumba Rao,CCL Products,CCL.NS,2026-02-12,2026-02-12,,open,Accumulate,994.15,1178.7,18.6,-8.3,26.9,ok
Kutumba Rao,CDSL,CDSL.NS,2026-05-25,2026-07-16,,open,Accumulate/Buy,1206.4,1311.0,8.7,-1.6,10.2,ok
Kutumba Rao,CG Power,CGPOWER.NS,2026-02-11,2026-06-23,,open,Accumulate/Add/Buy,685.6,888.35,29.6,-8.8,38.4,ok
Kutumba Rao,Coal India,COALINDIA.NS,2026-02-17,2026-02-17,,open,Accumulate,416.05,425.8,2.3,-8.0,10.4,ok
Kutumba Rao,Cummins India,CUMMINSIND.NS,2026-05-26,2026-05-26,,open,Add,5373.93,5590.0,4.0,-1.1,5.1,ok
Kutumba Rao,Cupid,CUPID.NS,2026-04-02,2026-06-16,,open,Accumulate,87.54,211.69,141.8,4.2,137.7,ok
Kutumba Rao,Dalmia Bharat,DALMIASUG.NS,2025-12-23,2025-12-23,,open,Accumulate,293.53,360.0,22.6,-9.6,32.3,ok
Kutumba Rao,DCB Bank,DCBBANK.NS,2026-02-26,2026-04-15,,open,Buy,186.32,185.4,-0.5,-7.2,6.7,ok
Kutumba Rao,Dixon Technologies,DIXON.NS,2025-12-09,2025-12-09,2025-12-23,closed,Accumulate/Buy,13517.0,12832.0,-5.1,1.3,-6.4,ok
Kutumba Rao,Dr. Reddy's Laboratories,DRREDDY.NS,2026-02-26,2026-07-22,,open,Accumulate/Buy,1310.99,1145.0,-12.7,-7.2,-5.4,ok
Kutumba Rao,Engineers India,ENGINERSIN.NS,2026-06-24,2026-06-24,,open,Accumulate,253.69,220.9,-12.9,-1.5,-11.4,ok
Kutumba Rao,Enter Technologies,,2026-06-30,2026-06-30,,open,Add,,,,,,no-price
Kutumba Rao,Eris Lifesciences,ERIS.NS,2026-02-25,2026-02-25,,open,Buy,1372.83,1381.1,0.6,-7.2,7.8,ok
Kutumba Rao,Eternal (Zomato),,2026-03-10,2026-03-10,,open,Add,,,,,,no-price
Kutumba Rao,Fairchem Organics,FAIRCHEMOR.NS,2026-06-25,2026-06-25,,open,Buy,633.5,760.15,20.0,-1.7,21.7,ok
Kutumba Rao,Finolex Cables,FINCABLES.NS,2026-06-23,2026-06-23,,open,Buy,1157.2,965.2,-16.6,-0.7,-15.9,ok
Kutumba Rao,Finotex Chemicals,,2026-05-19,2026-05-19,,open,Buy on dips,,,,,,no-price
Kutumba Rao,Force Motors,FORCEMOT.NS,2026-07-16,2026-07-16,,open,Accumulate,18505.0,17650.0,-4.6,-1.7,-2.9,ok
Kutumba Rao,Fractal Analytics,FRACTAL.NS,2026-07-09,2026-07-09,,open,Buy,841.25,826.35,-1.8,-1.3,-0.5,ok
Kutumba Rao,Garden Reach Shipbuilders,GRSE.NS,2026-04-29,2026-05-19,,open,Add on dips/Buy,3072.7,2550.0,-17.0,-2.1,-14.9,ok
Kutumba Rao,GMR Airports,GMRAIRPORT.NS,2026-04-10,2026-07-21,,open,Buy/Buy / switch into,95.25,106.2,11.5,-1.6,13.1,ok
Kutumba Rao,Godrej Properties,GODREJPROP.NS,2025-12-17,2025-12-17,,open,Buy,2014.9,2008.2,-0.3,-8.4,8.0,ok
Kutumba Rao,Gold ETF (Tata Gold ETF / Nippon Gold BeES / ICICI Pru Gold),,2026-01-28,2026-01-28,,open,Accumulate,,,,,,no-price
Kutumba Rao,Granules India,GRANULES.NS,2026-05-07,2026-05-07,,open,Buy,743.5,854.6,14.9,-2.7,17.7,ok
Kutumba Rao,Groww,GROWW.NS,2026-02-09,2026-02-09,,open,Buy,166.18,202.49,21.8,-8.6,30.4,ok
Kutumba Rao,Havells,HAVELLS.NS,2026-05-07,2026-05-07,,open,Buy,1262.61,1213.5,-3.9,-2.7,-1.1,ok
Kutumba Rao,HBL Engineering,HBLENGINE.NS,2026-02-09,2026-02-09,2026-02-27,closed,Buy,771.31,684.75,-11.2,-2.7,-8.6,ok
Kutumba Rao,HDFC Bank,HDFCBANK.NS,2026-03-19,2026-04-21,,open,Accumulate/Buy,785.21,739.3,-5.8,2.9,-8.7,ok
Kutumba Rao,HDFC Large and Mid Cap Fund,,2026-02-10,2026-02-10,,open,Buy,,,,,,no-price
Kutumba Rao,Healthcare Global Enterprises,HCG.NS,2026-02-11,2026-02-11,,open,Buy,611.45,667.65,9.2,-8.8,18.0,ok
Kutumba Rao,Heritage Foods,HERITGFOOD.NS,2026-02-16,2026-07-17,,open,Accumulate/Buy,347.48,331.15,-4.7,-7.9,3.2,ok
Kutumba Rao,Himadri Speciality Chemical,HSCL.NS,2026-06-25,2026-06-25,,open,Buy,678.1,782.55,15.4,-1.7,17.1,ok
Kutumba Rao,Hindalco,HINDALCO.NS,2026-03-16,2026-03-16,,open,Buy,916.37,943.75,3.0,1.1,1.9,ok
Kutumba Rao,Hindustan Unilever,HINDUNILVR.NS,2025-12-09,2025-12-09,,open,Buy,2283.28,2158.3,-5.5,-8.4,3.0,ok
Kutumba Rao,Hitachi Energy,POWERINDIA.NS,2026-02-06,2026-05-25,,open,Accumulate/Buy,21871.0,32120.0,46.9,-7.9,54.8,ok
Kutumba Rao,Hospital sector (KIMS / Fortis / Apollo Hospitals),,2026-05-07,2026-05-07,,open,Buy,,,,,,no-price
Kutumba Rao,Hyundai Motors,HYUNDAI.NS,2026-04-10,2026-04-10,2026-05-27,closed,Buy (long term),1796.4,1913.6,6.5,-0.6,7.1,ok
Kutumba Rao,IDBI Bank,IDBI.NS,2026-05-22,2026-06-16,,open,Add/Add/Average,72.65,83.57,15.0,-0.3,15.3,ok
Kutumba Rao,Indo Farm Equipment,INDOFARM.NS,2026-01-30,2026-01-30,,open,Accumulate,179.68,153.45,-14.6,-6.6,-8.0,ok
Kutumba Rao,Info Edge (Naukri),NAUKRI.NS,2026-05-22,2026-06-24,,open,Accumulate/Buy on dips,960.95,1165.8,21.3,-0.3,21.6,ok
Kutumba Rao,Infosys,INFY.NS,2026-02-17,2026-04-13,2026-05-13,closed,Accumulate/Buy,1361.73,1099.31,-19.3,-9.0,-10.3,ok
Kutumba Rao,Invesco Small Cap Fund,,2026-04-15,2026-04-15,,open,Buy,,,,,,no-price
Kutumba Rao,IRB InvIT,IRBINVIT-IV.NS,2026-02-10,2026-02-10,,open,Buy,,,,,,no-data
Kutumba Rao,IRFC,IRFC.NS,2026-02-25,2026-02-25,,open,Buy,103.46,86.35,-16.5,-7.2,-9.4,ok
Kutumba Rao,ITC,ITC.NS,2026-05-22,2026-05-22,,open,Accumulate,293.7,280.8,-4.4,-0.3,-4.1,ok
Kutumba Rao,ITC Hotels,ITCHOTELS.NS,2025-12-05,2026-04-02,,open,Accumulate/Buy,204.57,159.8,-21.9,-9.7,-12.2,ok
Kutumba Rao,"IT sector (TCS, Infosys, HCL Tech)",,2026-07-14,2026-07-14,,open,Accumulate,,,,,,no-price
Kutumba Rao,"IT / tech stocks (TCS, Infosys)",,2026-02-16,2026-02-16,,open,Accumulate,,,,,,no-price
Kutumba Rao,Jindal Saw,JINDALSAW.NS,2026-03-16,2026-03-16,,open,Accumulate,194.87,258.85,32.8,1.1,31.8,ok
Kutumba Rao,Jio Financial Services,JIOFIN.NS,2026-02-26,2026-04-29,,open,Buy/Buy / switch into,256.15,231.76,-9.5,-7.2,-2.3,ok
Kutumba Rao,JSW Energy,JSWENERGY.NS,2026-02-12,2026-02-12,,open,Add,477.87,547.4,14.5,-8.3,22.9,ok
Kutumba Rao,JSW Infrastructure,JSWINFRA.NS,2026-04-13,2026-04-13,,open,Accumulate,260.77,321.8,23.4,-0.8,24.2,ok
Kutumba Rao,Jupiter Wagons,JWL.NS,2026-05-19,2026-05-19,,open,Accumulate,270.9,243.3,-10.2,0.2,-10.4,ok
Kutumba Rao,Kalyan Jewellers,KALYANKJIL.NS,2026-04-07,2026-04-07,2026-05-18,closed,Accumulate,414.35,346.1,-16.5,2.3,-18.7,ok
Kutumba Rao,KIMS (Krishna Institute of Medical Sciences),KIMS.NS,2025-12-11,2026-03-09,,open,Buy,658.2,785.15,19.3,-8.7,27.9,ok
Kutumba Rao,Kirloskar Oil Engines,KIRLOSENG.NS,2026-04-20,2026-04-20,,open,Buy,1639.9,2171.5,32.4,-2.9,35.3,ok
Kutumba Rao,Kotak Flexi Cap Fund,,2026-02-10,2026-02-10,,open,Buy,,,,,,no-price
Kutumba Rao,Kotak Mahindra Bank,KOTAKBANK.NS,2026-02-20,2026-02-20,,open,Buy,420.62,381.95,-9.2,-7.5,-1.7,ok
Kutumba Rao,KP Energy,,2026-07-13,2026-07-13,,open,Buy,,,,,,no-price
Kutumba Rao,KPI Green Energy,KPIGREEN.NS,2026-02-09,2026-02-09,,open,Add,418.9,387.65,-7.5,-8.6,1.1,ok
Kutumba Rao,KSH International,KSHINTL.NS,2026-07-09,2026-07-09,,open,Buy,848.2,871.7,2.8,-1.3,4.0,ok
Kutumba Rao,L&T,LT.NS,2025-12-09,2026-07-21,,open,Buy,3958.83,3736.0,-5.6,-8.4,2.8,ok
Kutumba Rao,Laurus Labs,LAURUSLABS.NS,2025-12-11,2026-07-15,,open,Accumulate/Buy,1018.29,1572.3,54.4,-8.7,63.1,ok
Kutumba Rao,LG Electronics,LGEINDIA.NS,2026-04-10,2026-04-10,,open,Buy (long term),1477.7,1517.0,2.7,-1.6,4.3,ok
Kutumba Rao,LIC,LICI.NS,2026-05-22,2026-05-22,,open,Accumulate,397.16,420.0,5.7,-0.3,6.0,ok
Kutumba Rao,LIC Housing Finance,LICHSGFIN.NS,2026-07-09,2026-07-09,,open,Buy,539.8,532.8,-1.3,-1.3,-0.0,ok
Kutumba Rao,L&T Finance,LTF.NS,2026-02-24,2026-02-24,2026-02-27,closed,Add,294.42,281.06,-4.5,-1.0,-3.6,ok
Kutumba Rao,Mahindra & Mahindra,M&M.NS,2025-12-23,2026-05-19,,open,Accumulate/Buy,3587.43,3187.0,-11.2,-9.6,-1.5,ok
Kutumba Rao,Manorama Industries,MANORAMA.NS,2026-03-19,2026-04-15,,open,Accumulate/Buy,1271.5,1586.5,24.8,2.9,21.9,ok
Kutumba Rao,Maruti Suzuki,MARUTI.NS,2026-02-11,2026-02-11,,open,Accumulate,15412.0,13244.0,-14.1,-8.8,-5.2,ok
Kutumba Rao,Mazagon Dock,MAZDOCK.NS,2026-03-25,2026-04-29,,open,Add/Buy,2255.9,2288.9,1.5,1.5,-0.0,ok
Kutumba Rao,MCX,MCX.NS,2026-04-17,2026-04-17,,open,Buy on dips,2856.1,2732.9,-4.3,-2.9,-1.5,ok
Kutumba Rao,Micron,,2026-05-07,2026-05-07,,open,Buy,,,,,,no-price
Kutumba Rao,Mirae Asset Large and Mid Cap Fund,,2026-02-10,2026-02-10,,open,Buy,,,,,,no-price
Kutumba Rao,Motilal Oswal Financial Services,MOTILALOFS.NS,2026-02-17,2026-02-17,,open,Buy,782.6,883.4,12.9,-8.0,20.9,ok
Kutumba Rao,MTAR Technologies,MTARTECH.NS,2026-04-08,2026-05-19,,open,Buy/Buy on dips,4140.4,5826.0,40.7,-1.4,42.1,ok
Kutumba Rao,Narayana Hrudayalaya,NH.NS,2026-02-12,2026-02-12,,open,Buy,1860.78,1976.0,6.2,-8.3,14.5,ok
Kutumba Rao,Natco Pharma,NATCOPHARM.NS,2026-03-19,2026-07-23,,open,Accumulate/Buy,938.05,917.9,-2.1,2.9,-5.0,ok
Kutumba Rao,Nava,NAVA.NS,2026-04-15,2026-04-15,,open,Accumulate,623.25,551.0,-11.6,-2.4,-9.2,ok
Kutumba Rao,NCC,NCC.NS,2025-12-23,2026-04-29,,open,Accumulate/Add/Buy,160.8,135.14,-16.0,-9.6,-6.3,ok
Kutumba Rao,NephroPlus Health Services,,2025-12-11,2025-12-11,,open,Buy,,,,,,no-price
Kutumba Rao,NetWeb Technologies,NETWEB.NS,2026-02-27,2026-05-19,,open,Accumulate on dips/Buy,3861.4,4164.1,7.8,-6.0,13.9,ok
Kutumba Rao,"Nifty 23,000 Put (next series)",,2026-03-27,2026-03-27,,open,Buy,,,,,,no-price
Kutumba Rao,Nifty BeES / Bank Nifty BeES,NIFTYBEES.NS,2026-04-13,2026-04-13,,open,Buy,269.52,270.0,0.2,-0.8,1.0,ok
Kutumba Rao,Nifty ETF,IVZINNIFTY.NS,2026-02-10,2026-02-10,,open,Buy,2962.5,2720.12,-8.2,-8.8,0.6,ok
Kutumba Rao,Nifty Top 10 Equal Weight Index,,2026-03-27,2026-03-27,,open,Buy,,,,,,no-price
Kutumba Rao,Nippon India Small Cap Fund,,2026-02-10,2026-02-10,,open,Buy,,,,,,no-price
Kutumba Rao,NLC India,NLCINDIA.NS,2026-04-08,2026-04-08,,open,Buy,269.55,285.5,5.9,-1.4,7.3,ok
Kutumba Rao,NSDL,,2026-02-19,2026-02-19,,open,Buy,,,,,,no-price
Kutumba Rao,NTPC,NTPC.NS,2026-02-20,2026-06-17,,open,Accumulate/Buy,372.95,345.8,-7.3,-7.5,0.2,ok
Kutumba Rao,Ola Electric,OLAELEC.NS,2026-04-06,2026-04-10,,open,"Buy (medium-term, small/risky)/Buy on dips",29.19,36.58,25.3,3.0,22.3,ok
Kutumba Rao,Olectra Greentech,OLECTRA.NS,2026-05-11,2026-07-22,,open,Buy,1370.0,1307.4,-4.6,-0.7,-3.9,ok
Kutumba Rao,Pace Digitech,,2026-06-24,2026-06-24,,open,Buy,,,,,,no-price
Kutumba Rao,Pace Digitek,PACEDIGITK.NS,2026-07-17,2026-07-17,,open,Buy,201.98,192.87,-4.5,-2.8,-1.7,ok
Kutumba Rao,Patanjali Foods,PATANJALI.NS,2026-05-27,2026-05-27,,open,Buy,454.75,335.4,-26.2,-1.0,-25.2,ok
Kutumba Rao,Paytm,,2026-07-14,2026-07-14,,open,Buy,,,,,,no-price
Kutumba Rao,PFC (Power Finance Corporation),PFC.NS,2026-02-18,2026-02-20,,open,Accumulate/Buy,413.07,408.5,-1.1,-8.4,7.3,ok
Kutumba Rao,PG Electroplast,PGEL.NS,2026-04-06,2026-04-06,,open,Buy (medium/long-term only),451.65,568.45,25.9,3.0,22.9,ok
Kutumba Rao,PG InvIT,,2026-06-30,2026-06-30,,open,Buy,,,,,,no-price
Kutumba Rao,Phillips Carbon Black (PCBL),PCBL.NS,2026-07-03,2026-07-03,,open,Buy,321.15,317.7,-1.1,-2.5,1.5,ok
Kutumba Rao,Pidilite,PIDILITIND.NS,2026-04-07,2026-04-07,,open,Buy,1285.84,1555.3,21.0,2.3,18.6,ok
Kutumba Rao,Piramal Pharma (PPL Pharma),PPLPHARMA.NS,2026-07-13,2026-07-13,,open,Buy,173.63,180.17,3.8,-2.3,6.1,ok
Kutumba Rao,PNB,PNB.NS,2026-02-20,2026-02-20,,open,Add,125.93,109.4,-13.1,-7.5,-5.6,ok
Kutumba Rao,Polycab,POLYCAB.NS,2026-02-27,2026-02-27,,open,Buy,8569.84,8906.5,3.9,-6.0,10.0,ok
Kutumba Rao,Poonawalla,POONAWALLA.NS,2025-12-09,2026-07-15,,open,Accumulate/Buy,455.3,456.85,0.3,-8.4,8.8,ok
Kutumba Rao,Power Mech Projects,POWERMECH.NS,2026-02-27,2026-02-27,,open,Buy,2076.9,2531.4,21.9,-6.0,27.9,ok
Kutumba Rao,Praj Industries,PRAJIND.NS,2026-04-20,2026-04-20,2026-06-18,closed,Buy,356.5,343.15,-3.7,-0.8,-2.9,ok
Kutumba Rao,Precision Wires,PRECWIRE.NS,2026-03-19,2026-03-19,,open,Accumulate,299.55,367.45,22.7,2.9,19.8,ok
Kutumba Rao,Quality Walls,,2026-02-18,2026-02-18,,open,Buy,,,,,,no-price
Kutumba Rao,Radico Khaitan,RADICO.NS,2025-12-11,2026-05-25,,open,Accumulate/Buy,3199.7,4096.8,28.0,-8.7,36.7,ok
Kutumba Rao,Rainbow Hospitals,RAINBOW.NS,2026-04-08,2026-06-30,,open,Accumulate/Buy,1268.12,1464.2,15.5,-1.4,16.9,ok
Kutumba Rao,Recall,,2026-07-17,2026-07-17,,open,Buy,,,,,,no-price
Kutumba Rao,Reliance Industries,RELIANCE.NS,2026-02-02,2026-03-13,,open,Accumulate/Add,1384.0,1266.7,-8.5,-5.7,-2.8,ok
Kutumba Rao,Rolex Rings,ROLEXRINGS.NS,2026-02-09,2026-02-09,,open,Buy,128.25,135.07,5.3,-8.6,13.9,ok
Kutumba Rao,RR Kabel,,2026-03-02,2026-03-02,,open,Buy,,,,,,no-price
Kutumba Rao,RVNL,RVNL.NS,2026-04-06,2026-04-06,2026-06-09,closed,Buy (medium/long-term only),261.55,233.89,-10.6,1.2,-11.8,ok
Kutumba Rao,Sai Parentals,,2026-07-09,2026-07-09,,open,Buy,,,,,,no-price
Kutumba Rao,Sai Parenterals,SAIPARENT.NS,2026-05-12,2026-07-03,,open,Add/Buy,473.25,533.65,12.8,1.2,11.6,ok
Kutumba Rao,Samvardhana Motherson International,MOTHERSON.NS,2026-05-26,2026-05-26,,open,Add,135.58,143.5,5.8,-1.1,6.9,ok
Kutumba Rao,Sansera Engineering,SANSERA.NS,2026-04-15,2026-05-25,,open,Accumulate/Buy,2340.8,3183.9,36.0,-2.4,38.4,ok
Kutumba Rao,Satin Creditcare,SATIN.NS,2026-05-12,2026-05-12,,open,Buy,225.08,262.2,16.5,1.2,15.3,ok
Kutumba Rao,SBFC Finance,SBFC.NS,2026-02-09,2026-02-09,2026-07-15,closed,Buy,97.39,93.17,-4.3,-6.9,2.6,ok
Kutumba Rao,State Bank of India,SBIN.NS,2026-02-09,2026-07-09,,open,Accumulate/Buy/Buy on dips,1125.71,1006.0,-10.6,-8.6,-2.1,ok
Kutumba Rao,SBI Life,SBILIFE.NS,2026-07-09,2026-07-09,,open,Buy,1821.7,1833.5,0.6,-1.3,1.9,ok
Kutumba Rao,Schneider Electric / Techno Electric / GE Vernova,,2026-04-28,2026-04-28,,open,Add,,,,,,no-price
Kutumba Rao,Sezzle India,,2026-02-20,2026-02-20,,open,Accumulate,,,,,,no-price
Kutumba Rao,Shilchar Technologies,SHILCTECH.NS,2026-04-15,2026-04-15,,open,Buy,4788.4,4193.8,-12.4,-2.4,-10.0,ok
Kutumba Rao,Shriram Finance,SHRIRAMFIN.NS,2026-07-09,2026-07-09,,open,Buy,1031.7,1000.1,-3.1,-1.3,-1.8,ok
Kutumba Rao,Siemens Energy,ENRIN.NS,2026-04-29,2026-06-01,,open,Add/Buy,3310.0,3281.9,-0.8,-2.1,1.3,ok
Kutumba Rao,SMS Pharma,SMSPHARMA.NS,2026-02-12,2026-06-01,,open,Accumulate/Add/Buy,350.8,383.4,9.3,-8.3,17.6,ok
Kutumba Rao,Spic,SPIC.NS,2025-12-09,2025-12-09,,open,Buy,80.4,64.16,-20.2,-8.4,-11.8,ok
Kutumba Rao,Standard Glass Lining,,2026-06-16,2026-06-16,,open,Buy,,,,,,no-price
Kutumba Rao,Steel Exchange India,STEELXIND.NS,2026-04-24,2026-04-24,,open,Buy,9.99,11.21,12.2,-1.0,13.2,ok
Kutumba Rao,"Steel / TMT companies (good, strong names)",,2026-04-24,2026-04-24,,open,Buy,,,,,,no-price
Kutumba Rao,Suzlon,SUZLON.NS,2025-12-05,2026-04-20,,open,Accumulate/Add/Buy,51.74,52.14,0.8,-9.7,10.4,ok
Kutumba Rao,Syrma SGS,SYRMA.NS,2026-04-21,2026-04-21,,open,Buy on dip,985.95,1341.9,36.1,-3.7,39.8,ok
Kutumba Rao,Tata Capital,TATACAP.NS,2026-02-09,2026-02-09,,open,Accumulate,351.15,336.6,-4.1,-8.6,4.4,ok
Kutumba Rao,Tata Motors (Commercial Vehicle / PV),,2026-04-10,2026-04-10,,open,Buy on dips,,,,,,no-price
Kutumba Rao,Tata Power,TATAPOWER.NS,2026-04-29,2026-04-29,,open,Buy,448.72,373.3,-16.8,-2.1,-14.7,ok
Kutumba Rao,TCS,TCS.NS,2026-04-13,2026-04-20,,open,Buy,2426.22,2247.2,-7.4,-0.8,-6.6,ok
Kutumba Rao,TD Power Systems,TDPOWERSYS.NS,2026-05-22,2026-05-22,,open,Buy on dips,1295.0,1134.3,-12.4,-0.3,-12.2,ok
Kutumba Rao,Transformers and Rectifiers (TARIL),TARIL.NS,2026-04-20,2026-04-20,,open,Buy,321.35,290.9,-9.5,-2.9,-6.6,ok
Kutumba Rao,Triveni Engineering,TRIVENI.NS,2026-07-22,2026-07-22,,open,Buy,275.5,248.7,-9.7,-1.4,-8.3,ok
Kutumba Rao,TVS Motors,TVSMOTOR.NS,2026-04-17,2026-07-15,,open,Add/Buy,3735.8,3888.8,4.1,-2.9,7.0,ok
Kutumba Rao,TVS Supply Chain Solutions,TVSSCS.NS,2026-02-17,2026-02-17,,open,Buy,126.77,131.13,3.4,-8.0,11.5,ok
Kutumba Rao,Ujjivan Small Finance Bank,UJJIVANSFB.NS,2026-05-20,2026-05-20,,open,Add,53.53,68.85,28.6,0.0,28.6,ok
Kutumba Rao,UPL,,2025-12-09,2025-12-09,,open,Accumulate,,,,,,no-price
Kutumba Rao,Valectra,,2026-07-16,2026-07-16,,open,Buy,,,,,,no-price
Kutumba Rao,Varun Beverages (VBL),VBL.NS,2026-05-21,2026-05-21,2026-07-23,closed,Accumulate,519.85,459.05,-11.7,0.9,-12.6,ok
Kutumba Rao,VA Tech Wabag,WABAG.NS,2026-02-25,2026-07-16,,open,Buy,1253.74,2049.1,63.4,-7.2,70.6,ok
Kutumba Rao,Vedanta,VEDL.NS,2025-12-17,2026-02-02,2026-02-20,closed,Accumulate/Add/Buy,560.44,671.24,19.8,-1.0,20.7,ok
Kutumba Rao,Vimta Labs,VIMTALABS.NS,2026-03-18,2026-07-21,,open,Accumulate/Add/Buy,430.11,561.3,30.5,-0.5,31.0,ok
Kutumba Rao,Vinati Organics,VINATIORGA.NS,2026-07-13,2026-07-13,,open,Buy,1334.6,1282.0,-3.9,-2.3,-1.7,ok
Kutumba Rao,Vishal Mega Mart,VMM.NS,2026-03-25,2026-04-07,2026-07-13,closed,Accumulate,107.81,116.21,7.8,3.9,3.9,ok
Kutumba Rao,Viyash Scientific (formerly Sequent Scientific),,2026-06-23,2026-06-23,,open,Buy,,,,,,no-price
Kutumba Rao,Waaree Energies,WAAREEENER.NS,2026-02-26,2026-05-25,,open,Buy,2717.7,2687.0,-1.1,-7.2,6.1,ok
Kutumba Rao,Windlas Biotech,WINDLAS.NS,2026-02-02,2026-02-02,,open,Buy,848.69,850.35,0.2,-5.7,5.9,ok
Kutumba Rao,Yatharth Hospitals,YATHARTH.NS,2026-06-16,2026-06-16,,open,Buy,828.15,840.65,1.5,-1.4,2.9,ok
Kranthi,Amara Raja,ARE&M.NS,2026-07-02,2026-07-02,,open,Add,862.75,878.6,1.8,-2.1,4.0,ok
Kranthi,Anoop Engineering,ANUP.NS,2026-06-17,2026-06-17,,open,Accumulate,2132.4,2075.0,-2.7,-1.8,-0.9,ok
Kranthi,Ather Energy,ATHERENERG.NS,2026-04-01,2026-07-15,,open,Add,771.05,1200.0,55.6,4.3,51.3,ok
Kranthi,Bandhan Small Cap Fund,,2026-04-21,2026-04-21,,open,Accumulate,,,,,,no-price
Kranthi,Bharat Electronics,BEL.NS,2025-12-29,2026-06-05,,open,Add/Buy,391.58,402.45,2.8,-8.8,11.6,ok
Kranthi,Belrise Industries,BELRISE.NS,2026-01-07,2026-01-07,,open,Add,183.53,227.94,24.2,-9.5,33.7,ok
Kranthi,Bharat Dynamics (BDL),,2026-06-22,2026-06-22,,open,Add,,,,,,no-price
Kranthi,Blue Jet Healthcare,BLUEJET.NS,2026-07-02,2026-07-02,,open,Add,568.2,583.7,2.7,-2.1,4.9,ok
Kranthi,Blue Star,BLUESTARCO.NS,2026-05-19,2026-05-19,,open,Add,1673.79,1616.9,-3.4,0.2,-3.6,ok
Kranthi,Canara Bank,CANBK.NS,2026-04-07,2026-04-07,,open,Buy,125.37,124.1,-1.0,2.3,-3.3,ok
Kranthi,CG Power,CGPOWER.NS,2026-06-22,2026-06-22,,open,Add,962.55,885.6,-8.0,-1.8,-6.2,ok
Kranthi,Clean Science,CLEAN.NS,2026-06-25,2026-07-01,,open,Add/Buy,779.05,720.15,-7.6,-1.7,-5.9,ok
Kranthi,Cochin Shipyard,COCHINSHIP.NS,2026-06-22,2026-07-14,,open,Accumulate/Add,1476.4,1383.0,-6.3,-1.8,-4.5,ok
Kranthi,Coforge,COFORGE.NS,2026-06-02,2026-06-02,,open,Buy,1519.5,1456.7,-4.1,0.8,-4.9,ok
Kranthi,Concord Biotech,CONCORDBIO.NS,2026-07-13,2026-07-13,,open,Buy,1343.65,1252.4,-6.8,-2.3,-4.5,ok
Kranthi,CSB Bank (Catholic Syrian Bank),,2026-07-20,2026-07-20,,open,Add,,,,,,no-price
Kranthi,GE Vernova,GVT&D.NS,2026-07-01,2026-07-02,,open,Add/Buy,4895.7,4285.7,-12.5,-1.4,-11.0,ok
Kranthi,Godavari Biorefineries,GODAVARIB.NS,2026-07-21,2026-07-21,,open,Buy,280.15,272.3,-2.8,-2.2,-0.6,ok
Kranthi,Godfrey Phillips,GODFRYPHLP.NS,2026-07-01,2026-07-01,,open,Accumulate,2159.6,2037.3,-5.7,-1.4,-4.2,ok
Kranthi,GRM Overseas,GRMOVER.NS,2026-06-05,2026-06-05,,open,Accumulate,152.18,89.15,-41.4,1.3,-42.7,ok
Kranthi,HCL Technologies,HCLTECH.NS,2026-07-14,2026-07-14,,open,Accumulate,1154.91,1258.0,8.9,-1.6,10.5,ok
Kranthi,HDFC,HDFCBANK.NS,2026-06-19,2026-07-13,,open,Accumulate/Add,779.8,739.65,-5.1,-1.5,-3.7,ok
Kranthi,Heritage Foods,HERITGFOOD.NS,2026-07-17,2026-07-17,,open,Add,331.3,330.5,-0.2,-2.8,2.5,ok
Kranthi,Hero MotoCorp,HEROMOTOCO.NS,2025-12-12,2025-12-12,,open,Buy,5761.31,5030.8,-12.7,-9.1,-3.5,ok
Kranthi,Hindustan Copper,HINDCOPPER.NS,2025-12-12,2025-12-12,2025-12-29,closed,Buy,381.69,486.67,27.5,-0.4,27.9,ok
Kranthi,Hitachi Energy (Power India),POWERINDIA.NS,2026-07-02,2026-07-02,,open,Add,33775.0,32040.0,-5.1,-2.1,-3.0,ok
Kranthi,ICICI Prudential AMC (IPO),ICICIAMC.NS,2025-12-15,2025-12-15,,open,Buy,2562.37,3109.0,21.3,-8.9,30.2,ok
Kranthi,IGIL,IGIL.NS,2026-04-10,2026-04-10,,open,Add,340.05,332.6,-2.2,-1.6,-0.5,ok
Kranthi,Indo Farm Equipment,INDOFARM.NS,2026-06-09,2026-06-09,,open,Add,132.32,153.03,15.7,1.8,13.8,ok
Kranthi,Info Edge,NAUKRI.NS,2025-12-29,2025-12-29,,open,Buy,1356.52,1166.05,-14.0,-8.8,-5.3,ok
Kranthi,Inox India,INOXINDIA.NS,2026-04-02,2026-07-20,,open,Accumulate/Add,1240.81,1987.0,60.1,4.2,56.0,ok
Kranthi,ITC Hotels,ITCHOTELS.NS,2025-12-15,2025-12-15,,open,Accumulate,189.52,159.85,-15.7,-9.1,-6.6,ok
Kranthi,Jai Bharat Maruti,,2026-07-14,2026-07-14,,open,Buy,,,,,,no-price
Kranthi,JBM Auto,JBMA.NS,2025-12-15,2025-12-15,,open,Accumulate,576.1,648.05,12.5,-9.1,21.6,ok
Kranthi,Jio Finance,JIOFIN.NS,2026-04-02,2026-04-02,,open,Add,229.48,231.9,1.1,4.2,-3.1,ok
Kranthi,JK Enterprises,,2026-07-01,2026-07-01,,open,Add,,,,,,no-price
Kranthi,Jyoti CNC,JYOTICNC.NS,2026-06-25,2026-06-25,,open,Accumulate,761.45,784.0,3.0,-1.7,4.6,ok
Kranthi,Karur Vysya Bank,KARURVYSYA.NS,2026-07-22,2026-07-22,,open,Add,339.15,335.0,-1.2,-1.4,0.2,ok
Kranthi,KEC International,KEC.NS,2026-07-20,2026-07-20,,open,Add,487.75,467.65,-4.1,-2.4,-1.7,ok
Kranthi,Kotak Mahindra Bank,KOTAKBANK.NS,2026-04-07,2026-07-13,,open,Accumulate/Buy,362.32,381.85,5.4,2.3,3.1,ok
Kranthi,Laurus Labs,LAURUSLABS.NS,2025-12-15,2026-07-03,,open,Accumulate/Add,1003.9,1572.5,56.6,-9.1,65.7,ok
Kranthi,LG Electronics,LGEINDIA.NS,2026-07-02,2026-07-02,,open,Add,1567.9,1518.1,-3.2,-2.1,-1.0,ok
Kranthi,L&T,LT.NS,2026-04-02,2026-04-02,,open,Add,3578.15,3736.0,4.4,4.2,0.3,ok
Kranthi,LT Foods,LTFOODS.NS,2026-07-02,2026-07-02,,open,Accumulate,379.65,372.4,-1.9,-2.1,0.2,ok
Kranthi,LTIMindtree,,2026-06-02,2026-06-02,,open,Buy,,,,,,no-price
Kranthi,Mahindra & Mahindra (M&M),M&M.NS,2026-05-29,2026-05-29,,open,Add,3013.95,3190.3,5.9,0.5,5.4,ok
Kranthi,Manorama Industries,MANORAMA.NS,2026-07-20,2026-07-20,,open,Add,1601.1,1587.8,-0.8,-2.4,1.6,ok
Kranthi,Mazagon Dock,MAZDOCK.NS,2026-03-25,2026-03-25,,open,Add,2255.9,2288.9,1.5,1.5,-0.0,ok
Kranthi,Mphasis,MPHASIS.NS,2026-06-02,2026-06-02,,open,Buy,2325.36,2253.8,-3.1,0.8,-3.8,ok
Kranthi,MTAR Technologies,MTARTECH.NS,2026-05-19,2026-05-19,,open,Accumulate,6810.0,5838.5,-14.3,0.2,-14.4,ok
Kranthi,Natco Pharma,NATCOPHARM.NS,2025-12-15,2025-12-15,,open,Accumulate,903.67,917.7,1.6,-9.1,10.6,ok
Kranthi,Netweb Technologies,NETWEB.NS,2026-05-19,2026-05-19,,open,Accumulate,3746.4,4165.6,11.2,0.2,11.0,ok
Kranthi,NTPC,NTPC.NS,2026-06-17,2026-06-17,,open,Buy,355.55,345.9,-2.7,-1.8,-0.9,ok
Kranthi,Olectra Greentech,OLECTRA.NS,2026-06-02,2026-06-02,,open,Add,1285.2,1307.3,1.7,0.8,1.0,ok
Kranthi,Penar Industries,,2025-12-15,2025-12-15,,open,Add,,,,,,no-price
Kranthi,Persistent Systems,PERSISTENT.NS,2026-06-02,2026-06-02,,open,Buy,5470.5,5089.4,-7.0,0.8,-7.7,ok
Kranthi,Power Finance Corporation,PFC.NS,2025-12-15,2025-12-15,,open,Add,335.21,408.4,21.8,-9.1,30.9,ok
Kranthi,Raghav Productivity Enhancers,RPEL.NS,2026-01-07,2026-01-07,,open,Add,937.41,1278.0,36.3,-9.5,45.8,ok
Kranthi,RateGain,RATEGAIN.NS,2026-06-02,2026-06-02,,open,Add,774.8,873.4,12.7,0.8,12.0,ok
Kranthi,Raymond,RAYMONDREL.NS,2026-07-15,2026-07-15,,open,Add,713.65,643.35,-9.9,-1.7,-8.1,ok
Kranthi,Reliance Industries,RELIANCE.NS,2026-07-03,2026-07-03,,open,Accumulate,1304.0,1266.9,-2.8,-2.5,-0.3,ok
Kranthi,Rossell Techsys,ROSSTECH.NS,2026-07-20,2026-07-20,,open,Add,978.6,961.05,-1.8,-2.4,0.6,ok
Kranthi,Sai Life Sciences,SAILIFE.NS,2026-07-20,2026-07-20,,open,Buy,1297.0,1237.5,-4.6,-2.4,-2.2,ok
Kranthi,Sai Parenterals,SAIPARENT.NS,2026-05-29,2026-05-29,,open,Buy,485.9,533.0,9.7,0.5,9.2,ok
Kranthi,SBI,SBIN.NS,2026-04-07,2026-07-03,,open,Accumulate/Buy,1012.16,1006.0,-0.6,2.3,-2.9,ok
Kranthi,SBI Funds Management,,2026-07-21,2026-07-21,,open,Buy,,,,,,no-price
Kranthi,Schneider Electric,SCHNEIDER.NS,2026-07-22,2026-07-22,,open,Add,1342.3,1329.0,-1.0,-1.4,0.4,ok
Kranthi,Sem India,,2026-07-01,2026-07-01,,open,Add,,,,,,no-price
Kranthi,Siemens Energy,ENRIN.NS,2026-06-02,2026-06-02,,open,Add,3623.3,3279.9,-9.5,0.8,-10.2,ok
Kranthi,Sonata Software,SONATSOFTW.NS,2025-12-29,2025-12-29,,open,Add,350.57,284.0,-19.0,-8.8,-10.2,ok
Kranthi,South Indian Bank,SOUTHBANK.NS,2026-07-22,2026-07-22,,open,Add,48.0,46.41,-3.3,-1.4,-1.9,ok
Kranthi,TCS,TCS.NS,2026-04-10,2026-04-10,,open,Add,2476.95,2247.7,-9.3,-1.6,-7.6,ok
Kranthi,TD Power Systems,TDPOWERSYS.NS,2026-07-01,2026-07-01,,open,Buy,1193.3,1133.0,-5.1,-1.4,-3.6,ok
Kranthi,Tejas Networks,TEJASNET.NS,2026-06-17,2026-06-17,,open,Buy,602.0,493.25,-18.1,-1.8,-16.3,ok
Kranthi,Tenneco,TENNIND.NS,2026-04-02,2026-07-02,,open,Accumulate/Add,531.45,538.5,1.3,4.2,-2.8,ok
Kranthi,Titan,,2025-12-15,2025-12-15,,open,Accumulate,,,,,,no-price
Kranthi,TVS Motors,TVSMOTOR.NS,2026-07-15,2026-07-15,,open,Buy,3612.3,3887.1,7.6,-1.7,9.3,ok
Kranthi,Vedanta Power,VEDPOWER.NS,2026-07-14,2026-07-14,,open,Buy,40.04,34.67,-13.4,-1.6,-11.8,ok
