Stock,Latest action,Price/level,Summary,First suggested,Last suggested,Times suggested (days),Action history,All dates
Laurus Labs,Hold,,Never sell; strong pharma name.,2026-01-29,2026-06-30,12,"Buy x6, Hold x5, Accumulate x1","2026-01-29,2026-02-10,2026-02-13,2026-03-19,2026-04-08,2026-04-30,2026-05-12,2026-05-22,2026-06-01,2026-06-04,2026-06-16,2026-06-30"
Infosys,Buy,,Buy with a long-term view.,2026-02-13,2026-06-30,7,"Buy x3, Sell x2, Hold x2","2026-02-13,2026-02-17,2026-04-13,2026-04-15,2026-04-30,2026-05-13,2026-06-30"
Bajaj Housing Finance,Buy,,Long-term good returns as loan book builds.,2026-02-13,2026-06-30,5,"Hold x1, Accumulate x1, Wait x1, Sell x1, Buy x1","2026-02-13,2026-03-25,2026-04-06,2026-06-16,2026-06-30"
SBI Cards,Sell,exit 630-640 on relief rally,Weak since listing; switch to parent SBI.,2026-06-05,2026-06-30,2,"Reduce x1, Sell x1","2026-06-05,2026-06-30"
Rainbow Children's Medicare,Accumulate,1275-1300 (on dips),Good long-term bet but won't outperform hugely; buy on correction.,2026-06-30,2026-06-30,1,Accumulate x1,2026-06-30
Capital Infra Trust,Accumulate,,High-yield InvIT income play; review every 6 months.,2026-06-30,2026-06-30,1,Accumulate x1,2026-06-30
PG InvIT,Buy,,"Second income InvIT to diversify into (~12% yield, quarterly).",2026-06-30,2026-06-30,1,Buy x1,2026-06-30
Enter Technologies,Add,on dips after Q1 results,Valuations stretched but strong momentum; add on dips.,2026-06-30,2026-06-30,1,Add x1,2026-06-30
Aditya Infotech,Watch,~120 PE; wait for dips,Extremely strong chart but too expensive to chase now.,2026-06-30,2026-06-30,1,Watch x1,2026-06-30
Just Dial,Sell,exit 580-590 in rallies,"Ambani-owned, weak counter with AI/quick-commerce headwinds.",2026-06-30,2026-06-30,1,Sell x1,2026-06-30
Infollion Research Services,Avoid,,Micro SME stock near 52-week low; not for small investors.,2026-06-30,2026-06-30,1,Avoid x1,2026-06-30
KCP Sugar,Sell,exit in rallies,Sugar sector weak; avoidable.,2026-06-30,2026-06-30,1,Sell x1,2026-06-30
Hindustan Zinc,Watch,,Fresh shorts building but possibly a temporary bottom,2026-04-20,2026-06-29,2,"Hold x1, Watch x1","2026-04-20,2026-06-29"
IndiGo (InterGlobe Aviation),Watch,,Speculative longs building on lower crude / ATF hopes,2026-06-29,2026-06-29,1,Watch x1,2026-06-29
Hero MotoCorp,Watch,,Auto-sales numbers due this week,2026-06-29,2026-06-29,1,Watch x1,2026-06-29
Bajaj Auto,Watch,,Auto-sales numbers due this week,2026-06-29,2026-06-29,1,Watch x1,2026-06-29
National Aluminium (NALCO),Watch,,Fresh shorts building but possibly a temporary bottom,2026-06-29,2026-06-29,1,Watch x1,2026-06-29
HDFC Life Insurance,Watch,,Conviction delivery-based buying visible,2026-06-29,2026-06-29,1,Watch x1,2026-06-29
Nykaa (FSN E-Commerce),Watch,,Conviction delivery-based buying visible,2026-06-29,2026-06-29,1,Watch x1,2026-06-29
Alkem Laboratories,Watch,,Conviction delivery-based buying visible,2026-06-29,2026-06-29,1,Watch x1,2026-06-29
ICICI Lombard General Insurance,Watch,,Conviction delivery-based buying visible,2026-06-29,2026-06-29,1,Watch x1,2026-06-29
Vimta Labs,Hold,,"Hold; average only after Q results, not now",2026-03-18,2026-06-25,5,"Accumulate x2, Hold x2, Buy x1","2026-03-18,2026-05-06,2026-05-19,2026-06-04,2026-06-25"
Avanti Feeds,Hold,1040-1050 for safe zone,"Hold, don't sell at current levels",2026-02-13,2026-06-25,3,"Add x1, Watch x1, Hold x1","2026-02-13,2026-02-24,2026-06-25"
Bank of India,Hold,,Hold all banks; matter of time,2026-03-19,2026-06-25,2,"Buy x1, Hold x1","2026-03-19,2026-06-25"
Bharat Electronics (BEL),Add,,"Add on every decline, even now",2026-04-06,2026-06-25,2,"Buy on dips x1, Add x1","2026-04-06,2026-06-25"
Devyani International,Sell,,Exit on rallies; not a stock to average,2026-06-25,2026-06-25,1,Sell x1,2026-06-25
Fairchem Organics,Buy,,Recently active and strong in chemicals,2026-06-25,2026-06-25,1,Buy x1,2026-06-25
Himadri Speciality Chemical,Buy,,"Opportunity; will also perform, may take time",2026-06-25,2026-06-25,1,Buy x1,2026-06-25
Igarashi Motors,Watch,,"Auto-component micro-motors; wait for results, don't rush",2026-06-22,2026-06-22,1,Watch x1,2026-06-22
Ind Swift Labs,Watch,stop loss near 158-159; else wait till ~160,Near 52-week high after doubling; wait for results or buy with stop only if daring,2026-06-22,2026-06-22,1,Watch x1,2026-06-22
Olectra Greentech,Buy,,"Multibagger / 2-3 bagger potential; capacity expansion, electric trucks, BYD battery tie-up, old-bus replacement.",2026-02-06,2026-06-19,4,"Hold x2, Buy x2","2026-02-06,2026-03-16,2026-05-11,2026-06-19"
LIC,Watch,460-470 (near-medium term),"NSE stake ~Rs 5,400 cr (=10% of LIC mkt cap); signs of +10% once NSE issue factors into NAV.",2026-02-12,2026-06-19,3,"Hold x1, Accumulate x1, Watch x1","2026-02-12,2026-05-22,2026-06-19"
Mangalam Organics,Hold,,Not a great/wealth-creating stock; rises seasonally then falls. Hold.,2026-06-19,2026-06-19,1,Hold x1,2026-06-19
Chennai Petroleum,Avoid,"~1,100",Only for positional trading; IOC/BPCL/HPCL are better bets for the future.,2026-06-19,2026-06-19,1,Avoid x1,2026-06-19
Moschip,Avoid,,"Don't buy large quantity now; range-bound, underperforming. Wait for June-end results.",2026-06-19,2026-06-19,1,Avoid x1,2026-06-19
IOC,Hold,,On-and-off performer; dividend play. Don't enter with great hopes.,2026-06-19,2026-06-19,1,Hold x1,2026-06-19
Vintage Coffee,Hold,~150,"Speculative but fundamentally fine; Rs 10 paid-up, operator-driven. Hold; buying fresh is a gamble.",2026-06-19,2026-06-19,1,Hold x1,2026-06-19
Canara Bank,Hold,125-145,"Narrow 125-145 band at ~6.5 PE; needs patience, should rally and cross 160 again.",2026-02-11,2026-06-18,9,"Add x3, Hold x3, Accumulate x2, Buy on dips x1","2026-02-11,2026-02-20,2026-04-06,2026-04-17,2026-04-29,2026-04-30,2026-05-20,2026-06-01,2026-06-18"
Natco Pharma,Accumulate,"present levels (post-correction from 1,100+)",Accumulate from current levels without doubt; market will absorb the post-result weakness.,2026-02-02,2026-06-18,8,"Hold x3, Buy x2, Accumulate x2, Watch x1","2026-02-02,2026-02-06,2026-02-12,2026-03-19,2026-04-28,2026-05-21,2026-06-01,2026-06-18"
Fractal Analytics,Hold,~975,"AI play; hold near 975, can go to 1,350-1,400 if June results are good.",2026-04-30,2026-06-18,3,"Hold x2, Watch x1","2026-04-30,2026-05-20,2026-06-18"
Groww,Hold,~200,"Hold long-term; given as idea ~220, now ~200; expect volatility, don't panic.",2026-02-09,2026-06-18,2,"Buy x1, Hold x1","2026-02-09,2026-06-18"
Praj Industries,Sell,~400,"Exit on rallies; selling appears on every bounce, exit near 400.",2026-04-20,2026-06-18,2,"Buy x1, Sell x1","2026-04-20,2026-06-18"
Ambuja Cements,Hold,,"In Adani fold; cement turning two-player game with pricing power, better positioned.",2026-04-28,2026-06-18,2,"Buy x1, Hold x1","2026-04-28,2026-06-18"
Blue Spring Enterprises,Avoid,,"Speculative recent listing, hard to judge; would not take big risk.",2026-06-18,2026-06-18,1,Avoid x1,2026-06-18
Tejas Networks,Hold,trailing stop ~160,"Worst quarter likely behind; higher tops/bottoms, chart near all-time levels; buy on declines or hold with trailing stop ~160.",2026-02-06,2026-06-17,6,"Hold x5, Avoid x1","2026-02-06,2026-02-18,2026-03-04,2026-03-27,2026-04-20,2026-06-17"
NTPC,Buy,~40-55 (on dips),"Power generation 'no fancy' but it's the turn; price-maker for the future, get price right, 5-7 month view.",2026-02-20,2026-06-17,5,"Buy x4, Accumulate x1","2026-02-20,2026-04-29,2026-05-11,2026-05-26,2026-06-17"
PG Electroplast,Hold,,"5-star business and stock with lots of momentum; hold long term, act if the level breaks.",2026-03-25,2026-06-17,5,"Hold x4, Buy (medium/long-term only) x1","2026-03-25,2026-04-06,2026-04-09,2026-05-27,2026-06-17"
VA Tech Wabag,Hold,"~1,770 (trail ~1,600)","Global water-management leader, most patents; recommended from ~1,500; 2-3 yr could give multi-mega returns, be patient.",2026-02-25,2026-06-17,2,"Buy x1, Hold x1","2026-02-25,2026-06-17"
Affle 3i,Hold,,Very long-term view; momentum present but results flattening.,2026-06-17,2026-06-17,1,Hold x1,2026-06-17
BLS International,Hold,,Long-term hold.,2026-06-17,2026-06-17,1,Hold x1,2026-06-17
Aster DM Healthcare,Hold,,Hold (hospital stocks).,2026-06-17,2026-06-17,1,Hold x1,2026-06-17
KIMS,Hold,,Hold (hospital stocks).,2026-06-17,2026-06-17,1,Hold x1,2026-06-17
Fortis Healthcare,Hold,,Hold (hospital stocks).,2026-06-17,2026-06-17,1,Hold x1,2026-06-17
Anoop Engineering,Buy,staggered,"Special situation; accumulate at staggered levels, participate.",2026-06-17,2026-06-17,1,Buy x1,2026-06-17
Solar Industries,Hold,"~17,000 (high ~18,850)",Decent but fully priced/high; down ~30%; defence-type consolidation and profit-booking.,2026-06-17,2026-06-17,1,Hold x1,2026-06-17
CG Power,Add,"target ~1,500","Add slowly; in consolidation. Major beneficiary of the Gujarat semiconductor plant; can rally easily to ~1,500 long-term.",2026-01-29,2026-06-16,6,"Hold x3, Accumulate x1, Buy x1, Add x1","2026-01-29,2026-02-11,2026-02-13,2026-04-01,2026-06-01,2026-06-16"
BSE,Hold,,Hold/buy small for long term; some profit booking possible once NSE also lists.,2026-02-12,2026-06-16,4,"Hold x2, Buy x1, Avoid x1","2026-02-12,2026-03-05,2026-04-09,2026-06-16"
Standard Glass Lining,Buy,,"Preferred over HLE Glascoat; risen well but entry still possible, good results likely ahead.",2026-01-30,2026-06-16,3,"Watch x1, Sell x1, Buy x1","2026-01-30,2026-05-21,2026-06-16"
IDBI Bank,Add,<102 (in loss),Add now; crashed on divestment-delay rumours but improving daily. Sale due this FY -> stock turns 100-plus.,2026-03-05,2026-06-16,3,"Hold x1, Add/Average x1, Add x1","2026-03-05,2026-05-22,2026-06-16"
Amara Raja Batteries,Buy,,Buy with fresh capital; acceptable destination if exiting Bajaj Housing Finance.,2026-04-07,2026-06-16,3,"Hold x2, Buy x1","2026-04-07,2026-05-27,2026-06-16"
MCX,Hold,,Hold/buy small for long term; some profit booking possible once NSE also lists.,2026-04-17,2026-06-16,3,"Buy on dips x1, Watch x1, Hold x1","2026-04-17,2026-06-01,2026-06-16"
Yatharth Hospitals,Buy,,Buy; accumulate slowly alongside CG Power.,2026-02-12,2026-06-16,2,"Hold x1, Buy x1","2026-02-12,2026-06-16"
CP Plus / Aditya Infotech,Watch,"~3,700",Do NOT buy at current levels; wait for a significant correction after the unusual rally.,2026-06-16,2026-06-16,1,Watch x1,2026-06-16
Lemon Tree,Hold,~130-135,"Sector-wide weakness, high ~80 P/E; stuck holders may exit 130-135; this quarter could be better.",2026-06-16,2026-06-16,1,Hold x1,2026-06-16
Cupid Ltd,Accumulate,~84 (entry),Adding OK (bought at 84 is fine); but do not buy at all-time high (~200 P/E) and book partial profits.,2026-06-16,2026-06-16,1,Accumulate x1,2026-06-16
HLE Glascoat,Avoid,~385-389,"Fully priced; already discounted the good results, limited steam. Prefer Standard Glass instead.",2026-06-16,2026-06-16,1,Avoid x1,2026-06-16
LG Electronics (LG India),Hold,"target 2,000+","Hold long term; Sri City mega plant completing ~next year, should cross 2,000+.",2026-06-16,2026-06-16,1,Hold x1,2026-06-16
Vedanta demerger entities,Watch,,Watchlist; price discovery ongoing (Aluminium/Power/Oil&Gas/Iron&Steel) — be cautious.,2026-06-16,2026-06-16,1,Watch x1,2026-06-16
NCC,Hold,140-150,"Near bottom, will consolidate 140-150; partial ~25% averaging acceptable.",2026-02-09,2026-06-09,8,"Hold x5, Accumulate x2, Buy x1","2026-02-09,2026-02-17,2026-03-18,2026-04-09,2026-04-29,2026-05-21,2026-05-27,2026-06-09"
RVNL,Sell,~305-310,"Exit into rallies; railway up-cycle over, made a new low.",2026-03-02,2026-06-09,3,"Sell x2, Buy (medium/long-term only) x1","2026-03-02,2026-04-06,2026-06-09"
D Development,Book Profit,,"Book some if holding large quantity, otherwise continue holding.",2026-06-08,2026-06-09,2,"Hold x1, Book Profit x1","2026-06-08,2026-06-09"
JP Associates,Avoid,,"NCLT/insolvency name; avoid even while trading, may get delisted.",2026-06-09,2026-06-09,1,Avoid x1,2026-06-09
Pace Digitek,Hold,~180,"Sunrise BESS segment but March result weak; watch execution, be careful.",2026-06-09,2026-06-09,1,Hold x1,2026-06-09
Nephro Care,Hold,,"Hold with trailing stop-loss; dialysis leader, could become four-figure.",2026-06-09,2026-06-09,1,Hold x1,2026-06-09
Craftsman Automation,Hold,"~8,600 (trail)","Consolidating after sharp run; trailing stop ~8,600, fresh rally needs >9,200.",2026-06-09,2026-06-09,1,Hold x1,2026-06-09
Apollo Micro,Hold,~195,"In good profit; FOC or partial ~25% booking, decide exit individually.",2026-06-09,2026-06-09,1,Hold x1,2026-06-09
ITI,Hold,,"In good profit; FOC or partial ~25% booking, decide exit individually.",2026-06-09,2026-06-09,1,Hold x1,2026-06-09
Tatva Chintan,Hold,"~1,072","In good profit; FOC or partial ~25% booking, decide exit individually.",2026-06-09,2026-06-09,1,Hold x1,2026-06-09
PNB Housing Finance,Hold,~700,"In good profit; FOC or partial ~25% booking, decide exit individually.",2026-06-09,2026-06-09,1,Hold x1,2026-06-09
Tata Steel (Jun 210 CE),Hold,940 paise,"Steel resilient; monthly call still has time, hold as of now.",2026-06-09,2026-06-09,1,Hold x1,2026-06-09
Diffusion Engineers,Hold,~330,"+30%; keep trailing stop, potential to rise further.",2026-06-09,2026-06-09,1,Hold x1,2026-06-09
Jamna Auto,Hold,,"+30%; keep trailing stop, given as an investment idea.",2026-06-09,2026-06-09,1,Hold x1,2026-06-09
Idea Forge,Hold,~960,Defence buying strong; caution chasing after big rally from 372 (Apr 1).,2026-06-09,2026-06-09,1,Hold x1,2026-06-09
Sai Parenterals,Buy,buy on dips,"New listing never below listing price; emerging pharma growth story that rises steadily, buy on dips.",2026-04-09,2026-06-08,4,"Buy x2, Hold x1, Add x1","2026-04-09,2026-05-12,2026-06-01,2026-06-08"
Hotel Leela Ventures,Avoid,~10,Penny stock with perpetual debt-restructuring talk that never happens; only as a small dark-horse bet.,2026-06-08,2026-06-08,1,Avoid x1,2026-06-08
Veeto Switchgears,Hold,~52-wk high,Good recent price action; resilient near 52-week high even on a weak day. Hold with trailing stop-loss.,2026-06-08,2026-06-08,1,Hold x1,2026-06-08
Visakha Industries,Hold,SL ~60,"Post-result price action after a long weak phase; hold with stop ~60, turnaround must continue.",2026-06-08,2026-06-08,1,Hold x1,2026-06-08
Affordable Robotics,Avoid,~170,"Good robotics theme but financials suspect, promoters selling, lower tops/bottoms; wait, don't buy now (hold if already in).",2026-06-08,2026-06-08,1,Avoid x1,2026-06-08
Epigral,Hold,"~1,130","Chemicals; good March result but high expectations led to post-result correction; value here, don't book loss hastily.",2026-06-08,2026-06-08,1,Hold x1,2026-06-08
Gujarat Pipavav Port (GPPL),Hold,~180,"Competes with the Ambanis in ports/shipbuilding; showed strength on recent news. Hold, no immediate fresh buying.",2026-06-08,2026-06-08,1,Hold x1,2026-06-08
Suzlon,Hold,,"Holdable ~1 year as environment turns positive, but high-risk; use a trailing stop-loss.",2026-02-18,2026-06-05,8,"Hold x6, Accumulate x1, Buy x1","2026-02-18,2026-03-05,2026-03-18,2026-04-01,2026-04-17,2026-06-01,2026-06-03,2026-06-05"
TCS,Hold,,"Large-cap; long-term/patience, hold (or rotate to mid/small-caps if concerned).",2026-02-12,2026-06-05,6,"Sell x2, Hold x2, Buy x2","2026-02-12,2026-02-13,2026-04-09,2026-04-13,2026-04-20,2026-06-05"
ITC,Hold,,Hold.,2026-02-12,2026-06-05,4,"Hold x2, Watch x1, Accumulate x1","2026-02-12,2026-04-16,2026-05-22,2026-06-05"
VST Industries,Hold,,"Dull counter (Damani stake); cigarette + rising non-cigarette income, but stays range-bound, no big gains.",2026-04-17,2026-06-05,2,Hold x2,"2026-04-17,2026-06-05"
Aptus Value Housing,Hold,,Stable / dividend play; being a housing-finance company it won't give multibagger or big gains. Be cautious as rates change.,2026-06-05,2026-06-05,1,Hold x1,2026-06-05
Flair Writing Industries,Avoid,,"Not a great stock; poor past returns, writing instruments out of fashion. Avoid; exit on rallies.",2026-06-05,2026-06-05,1,Avoid x1,2026-06-05
KPI Green,Hold,,Renewable-space stock; a bit dull recently but definitely hold.,2026-06-05,2026-06-05,1,Hold x1,2026-06-05
Waaree,Hold,,Renewable-space stock; dull recently but hold.,2026-06-05,2026-06-05,1,Hold x1,2026-06-05
Reliance (RIL),Hold,,"Large-cap; hold only with a very long-term outlook, else shift to mid/small-caps.",2026-06-05,2026-06-05,1,Hold x1,2026-06-05
HCL Technologies,Hold,,"Large-cap; long-term/patience, hold.",2026-06-05,2026-06-05,1,Hold x1,2026-06-05
L&T,Hold,,"Large-cap; long-term/patience, hold.",2026-06-05,2026-06-05,1,Hold x1,2026-06-05
Idea Cellular (Vodafone Idea),Hold,,"Holdable ~1 year as environment turns positive, but high-risk; use a trailing stop-loss.",2026-06-05,2026-06-05,1,Hold x1,2026-06-05
HUL,Hold,,Hold.,2026-06-05,2026-06-05,1,Hold x1,2026-06-05
Heritage Foods,Accumulate,~322,"Milk prices rising, ice-cream season strong",2026-02-09,2026-06-04,6,"Accumulate x3, Hold x2, Buy x1","2026-02-09,2026-02-13,2026-02-20,2026-02-26,2026-02-27,2026-06-04"
Genus Power,Hold,may attempt 400 again,Smart-meter story; expect only steady returns,2026-02-18,2026-06-04,2,Hold x2,"2026-02-18,2026-06-04"
Premier Energies,Hold,,Hold if already bought; no fresh buying,2026-03-25,2026-06-04,2,Hold x2,"2026-03-25,2026-06-04"
Poly Medicure (Polymed),Hold,exit on rally to 510-520,Best-in-class medical equipment but turned speculative near 52-week low,2026-06-04,2026-06-04,1,Hold x1,2026-06-04
Protean,Hold,,Not a great stock; hold existing position,2026-06-04,2026-06-04,1,Hold x1,2026-06-04
Ramky,Hold,,Not a great stock; hold existing position,2026-06-04,2026-06-04,1,Hold x1,2026-06-04
ASMS (Bartronics),Avoid,,"Only ever a 'dark horse' on volumes, never a recommendation; tainted group",2026-06-04,2026-06-04,1,Avoid x1,2026-06-04
Jyoti CNC Automation,Avoid,exit rallies 675-700; reasonable buy 360-400,Overpriced since listing; heavy distribution,2026-06-04,2026-06-04,1,Avoid x1,2026-06-04
Bata India,Avoid,~650-660; near 52-week low,"Won't buy despite discount; competition up, weak results",2026-03-24,2026-06-03,2,Avoid x2,"2026-03-24,2026-06-03"
Mass Chip (Maschip),Hold,Bought ~215; resistance 250,Not for short term; long-term hold with good potential,2026-06-03,2026-06-03,1,Hold x1,2026-06-03
Good Luck India,Hold,"Bought ~900; was 1,400+, now ~1,300",Hold long term; book partial profits and trail stop if bought lower,2026-06-03,2026-06-03,1,Hold x1,2026-06-03
Honeywell Automation,Hold,"Bought 37,000",Not a stock to watch daily; hold high-priced quality name,2026-06-03,2026-06-03,1,Hold x1,2026-06-03
MRF,Hold,~6% loss,Put in the locker; review after a year or two,2026-06-03,2026-06-03,1,Hold x1,2026-06-03
Cello World,Avoid,Could touch 250,"Can't withstand competition; near 52-week low, could fall to 250",2026-06-03,2026-06-03,1,Avoid x1,2026-06-03
Adani Power,Buy,,Good power-generation company (compare with JSW Energy); invest equally with CG Power.,2026-02-09,2026-06-01,4,"Hold x2, Buy x2","2026-02-09,2026-02-25,2026-04-29,2026-06-01"
Siemens Energy,Buy,"~3,700 (on dips)","Strong run, lots of potential; buy on dips or SIP-style.",2026-02-12,2026-06-01,4,"Add x2, Sell x1, Buy x1","2026-02-12,2026-04-29,2026-05-11,2026-06-01"
SMS Pharma,Buy,,Second choice; moderate results on recent events but attractive after the correction.,2026-02-12,2026-06-01,4,"Buy x2, Accumulate x1, Add x1","2026-02-12,2026-02-26,2026-05-21,2026-06-01"
Ashok Leyland,Hold,~157,"Strong March results, one of highest-ever profits; corrected from 200+.",2026-04-06,2026-06-01,4,"Hold x2, Wait x1, Buy on dips x1","2026-04-06,2026-04-10,2026-04-30,2026-06-01"
SBI,Accumulate,<965,"Corrected from 1200+ to below 965; accumulate slowly, wait for RBI policy.",2026-04-07,2026-06-01,4,"Buy x2, Buy on dips x1, Accumulate x1","2026-04-07,2026-04-21,2026-05-22,2026-06-01"
NBCC,Hold,>100,Trading stock; sustaining above 100 could run to ~115-116; not cheap (~40 PE).,2026-03-05,2026-06-01,3,Hold x3,"2026-03-05,2026-03-18,2026-06-01"
Gold & Silver (incl. ETFs),Sell,,Exit even ETFs; a 10-15% correction is overdue/on the cards.,2026-06-01,2026-06-01,1,Sell x1,2026-06-01
PTC Industries,Avoid,,"Buy-on-rumour/sell-on-news; news is out, wait for a correction (was 15,000-16,000 for ~6 months).",2026-06-01,2026-06-01,1,Avoid x1,2026-06-01
Oword Pharma,Avoid,,Wait for a correction; don't enter now.,2026-06-01,2026-06-01,1,Avoid x1,2026-06-01
Campus Activewear,Sell,,"A de-rater, not a great choice; use the recent bounce to exit.",2026-06-01,2026-06-01,1,Sell x1,2026-06-01
Sai Silks (Kalamandir),Avoid,,Six-month festival/wedding cycle; better retail names exist.,2026-06-01,2026-06-01,1,Avoid x1,2026-06-01
Emmvee Photovoltaic,Watch,,"Gave unusual returns recently; wait for a correction, don't chase.",2026-06-01,2026-06-01,1,Watch x1,2026-06-01
CDSL,Hold,,Medium term; will recover.,2026-02-10,2026-05-27,5,"Hold x2, Sell x1, Avoid x1, Buy x1","2026-02-10,2026-02-17,2026-03-04,2026-05-25,2026-05-27"
Kfin Technologies,Hold,850-900,"Consolidating 850-900; market-dependent, recovers as markets improve.",2026-02-10,2026-05-27,2,Hold x2,"2026-02-10,2026-05-27"
Happiest Minds,Watch,,"Heavy AI commentary last quarter; if this quarter better and holds higher bottom, could rally.",2026-02-26,2026-05-27,2,"Avoid x1, Watch x1","2026-02-26,2026-05-27"
Power Mech Projects,Watch,"~2,500 (fully priced)","Already discounted before results; fully priced; lumpy execution, needs margin improvement. Don't chase.",2026-02-27,2026-05-27,2,"Buy x1, Watch x1","2026-02-27,2026-05-27"
Jio Finance,Hold,~370,Hold for the long term.,2026-04-29,2026-05-27,2,"Buy x1, Hold x1","2026-04-29,2026-05-27"
Patanjali Foods,Buy,SL ~450,Positional F&O trade for the June series only; stop-loss ~450 per risk profile.,2026-05-27,2026-05-27,1,Buy x1,2026-05-27
AB Capital,Buy,SL ~350,Positional F&O trade for the June series only; stop-loss ~350.,2026-05-27,2026-05-27,1,Buy x1,2026-05-27
Hyundai Motor India,Sell,,Underperforming (flat launches/numbers); switch to Maruti/Tata Motors/M&M; stay only with extreme long-term view.,2026-05-27,2026-05-27,1,Sell x1,2026-05-27
Ram Ratna Wires,Book Profit,~515,"Spectacular numbers (top line +40% QoQ) but bought at 52-wk high; sector ran up on hype; book ~515 (+10%), trailing stop.",2026-05-27,2026-05-27,1,Book Profit x1,2026-05-27
Vikram Engineering,Hold,watch 110 (listing),"Spectacular results (turnover doubled, profit +150%); watch toward listing level 110 (entry levels per Ramakrishna).",2026-05-27,2026-05-27,1,Hold x1,2026-05-27
Chemcon Speciality Chemicals,Hold,~300-320,Earlier investment idea; March result disappointed (flat bottom line); micro-cap that can rally.,2026-05-27,2026-05-27,1,Hold x1,2026-05-27
Axiscades Technologies,Hold,~500,Hold with trailing stop; restructuring into aerospace; early idea (180-190) with spectacular returns.,2026-05-27,2026-05-27,1,Hold x1,2026-05-27
Crompton Greaves Consumer,Hold,~290 (SL 275),"Consumer durables slow; March one-time loss; stabilizing ~290, stop ~275.",2026-05-27,2026-05-27,1,Hold x1,2026-05-27
Transrail Lighting,Hold,,"Exciting sector; don't exit in post-result weakness, wait for an order/trigger.",2026-05-27,2026-05-27,1,Hold x1,2026-05-27
Central Bank of India,Hold,,Subdued but PSU banks should get a short-term rally.,2026-05-27,2026-05-27,1,Hold x1,2026-05-27
Shree Renuka Sugars,Avoid,,"Sugar = trading sector; regulatory overhang, big returns unlikely now",2026-02-27,2026-05-26,2,"Watch x1, Avoid x1","2026-02-27,2026-05-26"
Amara Raja Energy & Mobility,Add,target 1000+,Buy on every decline; headed toward 1000-plus,2026-05-26,2026-05-26,1,Add x1,2026-05-26
Samvardhana Motherson International,Add,buy on declines,"Near 52-wk high; results discounted, buy only on dips",2026-05-26,2026-05-26,1,Add x1,2026-05-26
Cummins India,Add,"buy on declines (around 5,370)",Strong MNC engineering name; buy on a decline,2026-05-26,2026-05-26,1,Add x1,2026-05-26
Aeroflex Industries,Avoid,could fall to 350-360,"Heavy speculation; book profits, don't buy fresh here",2026-05-26,2026-05-26,1,Avoid x1,2026-05-26
Bajaj Hindusthan Sugar,Avoid,,Same sugar overhang; only a dark-horse counter,2026-05-26,2026-05-26,1,Avoid x1,2026-05-26
Bondada Engineering,Hold,viewer bought at Rs 435 (then ~25% loss),"Hold, do not book the loss; huge order book, solar EPC reviving",2026-04-15,2026-05-25,2,Hold x2,"2026-04-15,2026-05-25"
Sansera Engineering,Accumulate,,"Good wealth-creator; do SIPs, do not buy only at highs",2026-04-15,2026-05-25,2,"Buy x1, Accumulate x1","2026-04-15,2026-05-25"
Radico Khaitan,Accumulate,near 3-yr high ~Rs 3600; trail stop ~Rs 3250-3350,52-wk-high buying is fine; protect profit with a trailing stop-loss,2026-05-25,2026-05-25,1,Accumulate x1,2026-05-25
Hitachi (Hitachi Energy),Accumulate,,Good wealth-creator; SIP-worthy on dips,2026-05-25,2026-05-25,1,Accumulate x1,2026-05-25
Bans (Bansal Wire / Bans),Accumulate,,Named as SIP-worthy long-term wealth-creator,2026-05-25,2026-05-25,1,Accumulate x1,2026-05-25
Waaree Energy,Buy,,Long-term buy; renewables space; 5-yr 100% return plausible,2026-05-25,2026-05-25,1,Buy x1,2026-05-25
Persistent Systems,Hold,,"Hopeful AI play; hold if patient, else shift. Good company.",2026-02-13,2026-05-22,5,"Hold x3, Watch x1, Avoid x1","2026-02-13,2026-02-17,2026-03-18,2026-04-09,2026-05-22"
Dixon Technologies,Hold,,Underperforming short-term but one of the largest white-goods makers; hold.,2026-02-18,2026-05-22,5,"Buy x2, Hold x2, Watch x1","2026-02-18,2026-03-10,2026-03-18,2026-05-13,2026-05-22"
Ather Energy,Hold,"above 1,000","Recent listing, strong, holding above 1,000; hold.",2026-04-07,2026-05-22,3,"Accumulate x1, Buy x1, Hold x1","2026-04-07,2026-04-16,2026-05-22"
Info Edge (Naukri),Buy on dips,on cool-off,"Good company; buy when it cools off, good breakouts/run-ups.",2026-03-25,2026-05-22,2,"Hold x1, Buy on dips x1","2026-03-25,2026-05-22"
TVS Motors,Add,"~2,195",Add in tick lines; auto-ancillaries/autos turning active again.,2026-04-17,2026-05-22,2,"Buy x1, Add x1","2026-04-17,2026-05-22"
Divi's Labs,Wait/Buy after result,,No big result expectation (flat/slight uptick); GLP-1 angle. Buy after results.,2026-05-22,2026-05-22,1,Wait/Buy after result x1,2026-05-22
Adani Ports,Buy/Add,on declines,"Looks good on every decline; good company, add.",2026-05-22,2026-05-22,1,Buy/Add x1,2026-05-22
Brightcom Group,Avoid,,"""Hyderabad scam company,"" upper-freeze on Cannes news; avoid entirely.",2026-05-22,2026-05-22,1,Avoid x1,2026-05-22
Tenneco Clean Air,Hold,,"Exciting space, ~Rs 25,000 cr m-cap (not cheap); hold/wait for results.",2026-05-22,2026-05-22,1,Hold x1,2026-05-22
TD Power Systems,Buy on dips,on cool-off,"Good company; buy when it cools off, good breakouts/run-ups.",2026-05-22,2026-05-22,1,Buy on dips x1,2026-05-22
Subros,Hold/Add,~730,"Large auto-ancillary, doing extremely well (AC-systems monopoly); hold and add if possible.",2026-05-22,2026-05-22,1,Hold/Add x1,2026-05-22
Honasa Consumer (Mama Earth),Avoid,175-225,"Range-bound 175-225 since listing, result below expectations, weakish; avoid for now.",2026-05-22,2026-05-22,1,Avoid x1,2026-05-22
IIRM Holdings,Watch,~128 (from 80),"Insurance broking; ran 80->128 in 6 months; one to watch, good performance ahead.",2026-05-22,2026-05-22,1,Watch x1,2026-05-22
Apollo Micro Systems,Hold,post-result (+~20%),"Good result, splendid expansion; possible placement ~400 -> further appreciation possible.",2026-02-12,2026-05-21,2,"Avoid x1, Hold x1","2026-02-12,2026-05-21"
MosChip Technologies,Hold,~210 (bought ~230),"Chip-design company, lumpy revenue but a quarter can jump; hold with 1-2 yr view, good returns.",2026-05-21,2026-05-21,1,Hold x1,2026-05-21
Birlasoft,Sell,~360 (rally),"Weak, near 52-wk low, top line flat; exit on rallies, technical bounce to ~360 possible.",2026-05-21,2026-05-21,1,Sell x1,2026-05-21
Yatra Online,Sell,~94-95 (bought 128),"Very average result, travel co; speculative, exit on any rally unless tomorrow's result surprises.",2026-05-21,2026-05-21,1,Sell x1,2026-05-21
Vedanta (demerger),Hold,,Demerged shares already credited; listing date not yet announced - revisit after listing.,2026-05-21,2026-05-21,1,Hold x1,2026-05-21
Varun Beverages (VBL),Accumulate,on dips,"Strong business but stretched valuations; add only on dips/sharp declines, slowly.",2026-05-21,2026-05-21,1,Accumulate x1,2026-05-21
State Bank of India,Buy,near 900,"Start slowly near 900, no rush",2026-02-09,2026-05-20,3,"Buy x2, Accumulate x1","2026-02-09,2026-02-26,2026-05-20"
Sagility India,Hold,above 40,Earlier 'dark horse'; hold long-term,2026-05-20,2026-05-20,1,Hold x1,2026-05-20
Ujjivan Small Finance Bank,Add,,"Good bank-space stock; add carefully, no hurry",2026-05-20,2026-05-20,1,Add x1,2026-05-20
Bank of Maharashtra,Hold,,Hold if already bought; no fresh buy now,2026-05-20,2026-05-20,1,Hold x1,2026-05-20
Asian Hotels (North),Sell,320 to 330,"Exit on rallies; Delhi-centric, litigation",2026-05-20,2026-05-20,1,Sell x1,2026-05-20
Torrent Power,Hold,support ~1450,"Hold; correction likely short, can rebound",2026-05-20,2026-05-20,1,Hold x1,2026-05-20
Azad Engineering,Hold,stop-loss ~1500,Hold with SL ~1500; richly valued PE ~90,2026-05-20,2026-05-20,1,Hold x1,2026-05-20
Inventurus Knowledge Solutions (IKS),Hold,,"Hold; no fresh buying, exit on rallies",2026-05-20,2026-05-20,1,Hold x1,2026-05-20
HG Infra Engineering,Hold,,Infra space could rebound; hold,2026-05-20,2026-05-20,1,Hold x1,2026-05-20
Morepen Laboratories,Sell,,Very weak; exit on rallies,2026-05-20,2026-05-20,1,Sell x1,2026-05-20
Titan Company,Sell,3600 to 3700,"Exit; jewelry best-of-times over, can fall",2026-05-20,2026-05-20,1,Sell x1,2026-05-20
Zaggle Prepaid Ocean Services,Avoid,SL 200; exit 240 to 250,"Avoid; near 52-wk low, margins weak",2026-05-20,2026-05-20,1,Avoid x1,2026-05-20
Steel Strips & Wheels,Hold,,"Hold if held; no fresh buy, fully priced",2026-05-20,2026-05-20,1,Hold x1,2026-05-20
Diamond Power Infrastructure,Avoid,,"Operated counter, PE ~100; would not buy",2026-05-20,2026-05-20,1,Avoid x1,2026-05-20
Finolex Cables,Hold,,"Branded, low-cost maker; hold",2026-05-20,2026-05-20,1,Hold x1,2026-05-20
Hindustan Petroleum (HPCL),Avoid,,Weak numbers; avoid amid volatile crude,2026-05-20,2026-05-20,1,Avoid x1,2026-05-20
Indian Energy Exchange (IEX),Avoid,,"Margins down, spreads to fall; near 52-wk low",2026-05-20,2026-05-20,1,Avoid x1,2026-05-20
Bank of Baroda,Watch,,Wait and watch; treasury-loss risk on yields,2026-05-20,2026-05-20,1,Watch x1,2026-05-20
Deepak Nitrite,Hold,,Short-term weak but can rebound; hold,2026-05-20,2026-05-20,1,Hold x1,2026-05-20
MTAR Technologies,Buy on dips,on corrections,"Top pick of the four 'Technologies'; at a temporary peak, buy only on corrections.",2026-01-30,2026-05-19,4,"Hold x1, Buy x1, Watch x1, Buy on dips x1","2026-01-30,2026-04-08,2026-04-17,2026-05-19"
Netweb Technologies,Accumulate on dips,on dips,Second choice; accumulate on every dip along with MTAR.,2026-02-17,2026-05-19,4,"Buy x2, Hold x1, Accumulate on dips x1","2026-02-17,2026-02-27,2026-03-05,2026-05-19"
Jupiter Wagons,Accumulate,current levels,"Asked alongside Vimta/Finotex for 2-3 year view; covered under accumulate answer, no negative flagged.",2026-02-25,2026-05-19,3,"Avoid x2, Accumulate x1","2026-02-25,2026-04-20,2026-05-19"
Poonawalla Fincorp,Hold,~390,Hold for 3 years; the safer choice vs Edelweiss.,2026-02-12,2026-05-19,2,Hold x2,"2026-02-12,2026-05-19"
Mahindra & Mahindra,Buy,current levels,"Buy immediately, at least a 1-year view.",2026-03-13,2026-05-19,2,"Accumulate x1, Buy x1","2026-03-13,2026-05-19"
Paradeep Phosphates,Hold (cautious),~210,"Fell ~50% from high; fertiliser imports tough; better only if raw-material sourcing right, else likely stays weak.",2026-03-16,2026-05-19,2,"Avoid x1, Hold (cautious) x1","2026-03-16,2026-05-19"
Finotex Chemicals,Buy on dips,~30 (after correction),"Decent March results; ran 24-25 to 32 in 5 days, wait for a correction then buy a little; fully paid-up.",2026-05-19,2026-05-19,1,Buy on dips x1,2026-05-19
VIP Industries,Avoid,,"Weak results, rising luggage competition, near 52-wk low; needs reinvention to regain share.",2026-05-19,2026-05-19,1,Avoid x1,2026-05-19
Blue Star,Add on dips,on dips,Good last-quarter and full-year results; data-centre/new segments opening up. Add slowly on dips.,2026-05-19,2026-05-19,1,Add on dips x1,2026-05-19
Vodafone Idea,Hold,bought at 1.50,"Hold as dark horse with stop-loss; Rs 1L cr funding + SBI package, Birla back in mgmt, but Bharti/Jio pressure.",2026-05-19,2026-05-19,1,Hold x1,2026-05-19
Coromandel International,Hold/Accumulate,"~1,750 (as spoken)","Short-term impact only; long term much better; near 52-wk low, negatives discounted. Hold; accumulate ~1,750.",2026-05-19,2026-05-19,1,Hold/Accumulate x1,2026-05-19
Nazara Technologies,Avoid,,Betting-policy euphoria fizzled; only for high risk-appetite investors.,2026-05-19,2026-05-19,1,Avoid x1,2026-05-19
Edelweiss Financial Services,Hold,~100,Good company (Rashesh Shah a veteran) but treated on-and-off as speculative; Poonawalla safer.,2026-05-19,2026-05-19,1,Hold x1,2026-05-19
Newgen,Hold,above 475,"Stay invested; slight recovery path, sustains above 475; no clear rationale to switch to Kaynes.",2026-05-19,2026-05-19,1,Hold x1,2026-05-19
Garden Reach Shipbuilders (GRSE),Add on dips,"~2,500 (staggered)","Decent March-quarter and full-year results; add slowly on declines around 2,500, ₹100 below, staggered.",2026-05-19,2026-05-19,1,Add on dips x1,2026-05-19
Electrosteel Castings,Hold,~85,A bit weakish currently but hold.,2026-05-19,2026-05-19,1,Hold x1,2026-05-19
Jain Resource Recycle,Avoid,,"Doubts for a 2-3 month bet; profit more than halved; needs deeper study, don't buy just because it fell.",2026-05-19,2026-05-19,1,Avoid x1,2026-05-19
Vedanta,Watch,below 300; 260-280 band,Buy only on dips below 300 / in 260-280; now a dividend play,2026-02-02,2026-05-18,7,"Buy x2, Accumulate x1, Avoid x1, Add x1, Hold x1, Watch x1","2026-02-02,2026-02-20,2026-03-25,2026-03-27,2026-04-13,2026-04-17,2026-05-18"
Suzlon Energy,Hold,54-55,Hold without doubt; stabilizing above 50,2026-02-06,2026-05-18,5,"Hold x3, Buy x2","2026-02-06,2026-02-11,2026-02-17,2026-04-20,2026-05-18"
IRFC,Hold,,Hold temporarily; weak now but stable March results and dividend,2026-02-25,2026-05-18,4,"Hold x2, Buy x1, Watch x1","2026-02-25,2026-02-27,2026-03-02,2026-05-18"
Anantraj,Hold,,Hold; good fundamentals but won't outperform now,2026-02-23,2026-05-18,3,"Hold x2, Buy x1","2026-02-23,2026-04-01,2026-05-18"
KPI Green Energy,Hold,480-500,"Hold; decent March results, can recover to 480-500",2026-02-09,2026-05-18,2,"Add x1, Hold x1","2026-02-09,2026-05-18"
Piramal Pharma,Hold,,Hold; good fundamentals but won't outperform now,2026-02-26,2026-05-18,2,Hold x2,"2026-02-26,2026-05-18"
Brigade Enterprises,Hold,800,Hold; reduce on a technical rally near 800,2026-03-05,2026-05-18,2,Hold x2,"2026-03-05,2026-05-18"
Kalyan Jewellers,Avoid,400,Exit on a technical rally near 400 / 400-plus,2026-04-07,2026-05-18,2,"Accumulate x1, Avoid x1","2026-04-07,2026-05-18"
Reliance Power,Avoid,,Exit on rallies; weak,2026-05-18,2026-05-18,1,Avoid x1,2026-05-18
Salzer Electronics,Avoid,,"Exit/reduce on rallies; peak reached, flat result",2026-05-18,2026-05-18,1,Avoid x1,2026-05-18
Kitex Garments,Avoid,180,Exit at 180 on rallies for re-entry lower,2026-05-18,2026-05-18,1,Avoid x1,2026-05-18
Capstone,Hold,,Hold until results (~24th of the month),2026-05-18,2026-05-18,1,Hold x1,2026-05-18
Belrise Industries,Hold,,"Hold; hyper-speculative activity, protect profits",2026-05-18,2026-05-18,1,Hold x1,2026-05-18
Waaree Renewable Technologies,Avoid,1000,"Exit on any rally to 1,000-plus; continuous weakness",2026-05-18,2026-05-18,1,Avoid x1,2026-05-18
Ipca Laboratories,Watch,,Wait for results (~29th this month) before buying,2026-05-18,2026-05-18,1,Watch x1,2026-05-18
Biocon,Add,Rs 360-380 band,"Buy on any dip into 360-380; succession set up, returns to old glory over time",2026-05-12,2026-05-12,1,Add x1,2026-05-12
MTR,Watch,,His Dec investment idea; results today key to justify the sharp rally,2026-05-12,2026-05-12,1,Watch x1,2026-05-12
Satin Creditcare,Buy,,"Terrific result, profit up over 200%, pan-India presence; might jump",2026-05-12,2026-05-12,1,Buy x1,2026-05-12
Olectra Greentech / JBM Auto,Watch,,EV/energy-transition theme; possible sustained mid-term rally,2026-05-12,2026-05-12,1,Watch x1,2026-05-12
JM Financial,Hold,stabilising near 140; cross 150 for move,Hold; possible surprise move as investment-banker peers jump.,2026-05-11,2026-05-11,1,Hold x1,2026-05-11
CMPDI,Hold,,"Coal India subsidiary; only one result so far, definitely hold.",2026-05-11,2026-05-11,1,Hold x1,2026-05-11
Dhanuka Agritech,Avoid,,Not very positive on agro-chemicals now; monsoon/El Nino risk.,2026-05-11,2026-05-11,1,Avoid x1,2026-05-11
Trent,Hold,,Some revival after touching bottom; hold for now.,2026-05-11,2026-05-11,1,Hold x1,2026-05-11
Chemplast Sanmar,Hold,,"Weak, making losses; don't average, wait for turnaround.",2026-05-11,2026-05-11,1,Hold x1,2026-05-11
Coal India,Hold,,"Recently-listed Coal India subsidiary; got listing hype, pulled back, now recovering slowly. Good product demand.",2026-02-17,2026-05-06,4,"Hold x3, Accumulate x1","2026-02-17,2026-03-27,2026-04-16,2026-05-06"
Rico Auto,Hold,121 (buy price); 116-120 now,"Already ran to 140, now stabilizing; can cross 52-week high but depends on pending March results.",2026-05-06,2026-05-06,1,Hold x1,2026-05-06
Leela Palace (Schloss Bangalore),Hold,415 (buy price); stop loss ~380,Stuck in 400-450 range; real action needs cross of 430-440. One of the better premium hotel stocks.,2026-05-06,2026-05-06,1,Hold x1,2026-05-06
Alu Fluoride (Alufluoride),Watch,"590 (buy price); buy on dips, not at current rate","Has risen a lot; don't add at this rate, accumulate on dips. Good turnaround performance visible.",2026-05-06,2026-05-06,1,Watch x1,2026-05-06
ITC Hotels,Hold,158 (buy price); target 200,Looks poised for 200 but will take time; don't fixate on a hard 200 target.,2026-05-06,2026-05-06,1,Hold x1,2026-05-06
State Bank of India (SBI),Hold,,"Hold for the upcoming dividend, then exit on a 5-10% rally",2026-04-17,2026-04-30,3,"Buy x1, Accumulate x1, Hold x1","2026-04-17,2026-04-28,2026-04-30"
Motilal Oswal Financial Services,Hold,,Hold; no fresh buying; broking stocks range-bound,2026-02-17,2026-04-30,2,"Buy x1, Hold x1","2026-02-17,2026-04-30"
DLF,Hold,,"Hold; good large-cap, will jump medium-to-long term",2026-04-16,2026-04-30,2,Hold x2,"2026-04-16,2026-04-30"
Union Bank of India,Avoid,buy only on sharp post-ex-dividend fall,Don't average; banks bearish; add only on a sharp fall,2026-04-20,2026-04-30,2,"Hold x1, Avoid x1","2026-04-20,2026-04-30"
Adani Total Gas,Hold,600-700 range; strength above 700,"Hold, no rush to add; range-bound till numbers improve",2026-04-30,2026-04-30,1,Hold x1,2026-04-30
Indraprastha Gas (IGL),Avoid,around 165 (near 52-week low),Avoid temporarily until results; APM gas/margin hit,2026-04-30,2026-04-30,1,Avoid x1,2026-04-30
PCBL,Hold,bought 455; trim partially near 330-340,Own/Hold; acquisition commentary is key; trim near 330-340,2026-04-30,2026-04-30,1,Hold x1,2026-04-30
Pidilite Industries,Hold,,"Hold; good large-cap, will jump medium-to-long term",2026-04-30,2026-04-30,1,Hold x1,2026-04-30
Punjab National Bank (PNB),Hold,,"Hold; large-cap, will jump medium-to-long term",2026-04-30,2026-04-30,1,Hold x1,2026-04-30
Astral,Hold,,"Hold; good large-cap, will jump medium-to-long term",2026-04-30,2026-04-30,1,Hold x1,2026-04-30
Time Technoplast,Hold,near 52-week low; recovery potential from ~160-170,Hold/watch; result disappointed; hydrogen-cylinder optionality,2026-04-30,2026-04-30,1,Hold x1,2026-04-30
DCX Systems (DCX India),Sell,exit on ~40% recovery rally,Exit on the recovery rally after this quarter's results,2026-04-30,2026-04-30,1,Sell x1,2026-04-30
Exide Industries,Sell,exit on the recovery rally,Exit on the recovery rally after this quarter's results,2026-04-30,2026-04-30,1,Sell x1,2026-04-30
Tamilnadu Petroproducts (TN Petro),Sell,exit on the recovery rally,Exit on the recovery rally after this quarter's results,2026-04-30,2026-04-30,1,Sell x1,2026-04-30
Larsen & Toubro (L&T),Buy,,Put the modest amount into one name rather than four diversified,2026-03-16,2026-04-29,2,Buy x2,"2026-03-16,2026-04-29"
V.R. Scientific (VIAS),Watch,180 to 230,"Wait for results; range-bound, very high PE",2026-04-29,2026-04-29,1,Watch x1,2026-04-29
Unitech,Avoid,,Do not average a penny stock; large opportunity loss already,2026-04-29,2026-04-29,1,Avoid x1,2026-04-29
Tata Power,Buy,,One of his two explicit long-term power picks,2026-04-29,2026-04-29,1,Buy x1,2026-04-29
Garden Reach Shipbuilders,Buy,,Split a Rs 5 lakh long-term investment equally with Mazagon Dock,2026-04-29,2026-04-29,1,Buy x1,2026-04-29
Mazagon Dock Shipbuilders,Buy,,Split a Rs 5 lakh long-term investment equally with Garden Reach,2026-04-29,2026-04-29,1,Buy x1,2026-04-29
Schneider Electric / Techno Electric / GE Vernova,Add,,Staggered buy on a long-term power/electrification theme,2026-04-28,2026-04-28,1,Add x1,2026-04-28
Sanhi Hotels,Watch,,Wait before buying,2026-04-28,2026-04-28,1,Watch x1,2026-04-28
HDFC,Hold,Rs 600-800,Hold patiently; bought at high rates,2026-04-28,2026-04-28,1,Hold x1,2026-04-28
CG Power / GE Vernova / CAMS / Sirma SGS / Kaynes,Hold,840-850 (CG Power),"Hold; CG Power back at 52-week high, transformer-capacity shortage a tailwind",2026-04-28,2026-04-28,1,Hold x1,2026-04-28
HDFC Bank,Accumulate,~11-12 PE,"Value-unlocking signs (HDFC Sec, AMC, Life); at not even 11-12 PE, will attract buyers.",2026-03-02,2026-04-21,3,"Hold x1, Buy x1, Accumulate x1","2026-03-02,2026-03-19,2026-04-21"
Bandhan Small Cap Fund,Buy,,"Segment leader among small-cap schemes; start investing (also Nippon India, Invesco Small Cap).",2026-04-15,2026-04-21,2,Buy x2,"2026-04-15,2026-04-21"
Syrma SGS,Buy on dip,~900 on post-result correction,Up ~150% from earlier call; high-PE (~86-87) but performing; buy near 900 on any post-result dip.,2026-04-21,2026-04-21,1,Buy on dip x1,2026-04-21
UCO Bank,Hold,bought @ 30,Hold for dividends then exit; not much excitement in small PSU banks.,2026-02-06,2026-04-20,3,Hold x3,"2026-02-06,2026-03-05,2026-04-20"
South Indian Bank,Hold,bought @ 38,Hold for dividends then exit; not much excitement in small PSU banks.,2026-02-13,2026-04-20,3,"Hold x2, Sell x1","2026-02-13,2026-02-25,2026-04-20"
Yes Bank,Hold,,"Upgraded from earlier 'sell' after a good result; not a buy yet, new investors may drive improvement.",2026-04-08,2026-04-20,3,"Sell x1, Switch to SBI x1, Hold x1","2026-04-08,2026-04-17,2026-04-20"
Indian Overseas Bank,Hold,bought @ 40,Hold for dividends then exit; not much excitement in small PSU banks.,2026-02-17,2026-04-20,2,Hold x2,"2026-02-17,2026-04-20"
Orchid Pharma,Hold,,"Non-performer for a year but in Dhanuka Group's hands; dramatic upside can't be ruled out, don't panic.",2026-02-18,2026-04-20,2,"Avoid x1, Hold x1","2026-02-18,2026-04-20"
Adani Enterprises,Hold,"bought @ 2,180",Hold for medium-to-long term; can be an outperformer (holding co); use trailing stop to protect profits.,2026-04-17,2026-04-20,2,"Buy x1, Hold x1","2026-04-17,2026-04-20"
Aditya Birla Money,Buy,,Flagship/investment company in the Kumar Mangalam Birla group; definitely buy.,2026-04-20,2026-04-20,1,Buy x1,2026-04-20
Transformers and Rectifiers (TARIL),Buy,on every decline,Buy on declines with a tight stop-loss; positional / medium-term.,2026-04-20,2026-04-20,1,Buy x1,2026-04-20
JP Power,Hold,stable near 19-20,"Lottery-ticket/dark-horse; has assets but control is the question; decide only after Q4, don't add before.",2026-04-20,2026-04-20,1,Hold x1,2026-04-20
Kirloskar Oil Engines,Buy,on declines,"Buy on declines; good assets + value-unlocking; near 52-week high, possible move to ~2,000 in 3-4 months.",2026-04-20,2026-04-20,1,Buy x1,2026-04-20
HDB Financial Services,Hold,670-690,"Hold 670-690; result in line, low PE (~22); consolidating after result spike.",2026-04-20,2026-04-20,1,Hold x1,2026-04-20
Caption (Capacit'e?),Hold,,"Caller at 500% profit; hold, no need to panic.",2026-04-17,2026-04-17,1,Hold x1,2026-04-17
Tata Motors,Hold,,"Good company; hold, watch under-ownership factor",2026-03-25,2026-04-16,2,Hold x2,"2026-03-25,2026-04-16"
Texmaco Rail,Hold,,"Good company; hold, watch under-ownership factor",2026-04-16,2026-04-16,1,Hold x1,2026-04-16
Birla Corporation,Hold,,"Good company; hold, watch under-ownership factor",2026-04-16,2026-04-16,1,Hold x1,2026-04-16
DCB Bank,Buy,current levels,Can attempt at current levels; private bank undergoing total changes and doing quite well.,2026-02-26,2026-04-15,2,Buy x2,"2026-02-26,2026-04-15"
Manorama Industries,Accumulate,"1,300-1,350","Accumulate slowly; corrected from recent high, consolidating 1,300-1,350, decent results, recent QIP.",2026-03-19,2026-04-15,2,"Buy x1, Accumulate x1","2026-03-19,2026-04-15"
Invesco Small Cap Fund,Buy,,"Rated above Nippon; strong 2-year performance; holdings incl. Max Healthcare, KIMS, InterGlobe, Swiggy.",2026-04-15,2026-04-15,1,Buy x1,2026-04-15
Vyaas,Hold,~200,"Hold, no hurry to sell; consolidating ~200 under new management; wait 3-4 quarters for returns.",2026-04-15,2026-04-15,1,Hold x1,2026-04-15
Nava,Accumulate,~30,"Start accumulating, no fear; doing extremely well, Zambian ops stabilising; stock eased to ~30.",2026-04-15,2026-04-15,1,Accumulate x1,2026-04-15
Shilchar Technologies,Buy,,Excellent choice; nothing to complain about.,2026-04-15,2026-04-15,1,Buy x1,2026-04-15
GMR Airports,Buy,these levels (in weakness),Buy/accumulate in this weakness at these levels.,2026-02-06,2026-04-13,3,"Hold x1, Buy / switch into x1, Buy x1","2026-02-06,2026-04-10,2026-04-13"
Wipro,Avoid,,"Not a contrarian buy; buyback is actually negative, price may sustain short term then must stand on performance.",2026-02-13,2026-04-13,3,"Sell x1, Hold x1, Avoid x1","2026-02-13,2026-02-25,2026-04-13"
JSW Infrastructure,Accumulate,current levels,"Accumulate; emerging among top-five infra players, definitely buy.",2026-03-09,2026-04-13,2,"Hold x1, Accumulate x1","2026-03-09,2026-04-13"
HEG,Hold,540-550,"Hold; add only after Q4 results. Stabilizes ~540-550; electrographite EO duties rationalized, decent quarter likely.",2026-04-07,2026-04-13,2,"Caution x1, Hold x1","2026-04-07,2026-04-13"
Nifty BeES / Bank Nifty BeES,Buy,on dips (e.g. today),Buy on dips; good attractive broad-market exposure; can attempt buying on a correction day like today.,2026-04-13,2026-04-13,1,Buy x1,2026-04-13
LIC of India,Wait,,Bonus not confirmed; buyback news (board meeting maybe today). Wait for reports before deciding.,2026-04-13,2026-04-13,1,Wait x1,2026-04-13
Ola Electric,Buy on dips,buy on dip (good buy was 28-29),"His dark-horse pick but already ran up ~25-30%; buy on dips, not in the run-up.",2026-02-13,2026-04-10,4,"Avoid x1, Buy (medium-term, small/risky) x1, Hold x1, Buy on dips x1","2026-02-13,2026-04-06,2026-04-09,2026-04-10"
IDFC First Bank,Sell / switch out,,"Exit (held 2 yrs, 5% loss) and switch into GMR Airports / Jio Finance.",2026-04-08,2026-04-10,2,"Sell x1, Sell / switch out x1","2026-04-08,2026-04-10"
Tata Motors (Commercial Vehicle / PV),Buy on dips,on declines,On a good uptrend; add on declines for the long term.,2026-04-10,2026-04-10,1,Buy on dips x1,2026-04-10
LG Electronics,Buy (long term),fully priced,Decent but fully-priced; add for long term expecting only ~10-15% CAGR.,2026-04-10,2026-04-10,1,Buy (long term) x1,2026-04-10
Hyundai Motors,Buy (long term),fully priced,Decent but fully-priced; add for long term expecting only ~10-15% CAGR.,2026-04-10,2026-04-10,1,Buy (long term) x1,2026-04-10
SMS Pharmaceuticals,Hold,~425 (high 433),"Good momentum, near all-time high; gave great returns even in weak markets.",2026-04-10,2026-04-10,1,Hold x1,2026-04-10
Vishnu Prakash R Punglia,Sell,on rallies,Company has become erratic; results don't tally; exit on rallies.,2026-04-10,2026-04-10,1,Sell x1,2026-04-10
Jio Finance (Jio Financial),Buy / switch into,,Better than SJVN/IDFC First; will outperform; good switch.,2026-04-10,2026-04-10,1,Buy / switch into x1,2026-04-10
SJVN,Sell / switch out,,"Exit (held 2 yrs, 38% loss) and switch into GMR Airports / Jio Finance.",2026-04-10,2026-04-10,1,Sell / switch out x1,2026-04-10
ETC Transportation Infrastructure,Hold (exit on rally),~198 (from 37),NSE SME; hold for now but exit on any rally; SME space in a pitiable state.,2026-04-10,2026-04-10,1,Hold (exit on rally) x1,2026-04-10
Coforge,Hold,in ~30% loss,Don't average now (results time); average only after analysing results.,2026-02-13,2026-04-09,5,"Hold x3, Watch x1, Avoid x1","2026-02-13,2026-02-17,2026-02-26,2026-03-18,2026-04-09"
SpiceJet,Sell,bought 36; exit on rallies,"Don't average; financially stressed, exit on any rally (only for high-risk appetite).",2026-02-25,2026-04-09,2,"Avoid x1, Sell x1","2026-02-25,2026-04-09"
DSP Large & Mid Cap Fund,Hold,,"SIP; slight underperformance vs peers but not material, continue.",2026-04-09,2026-04-09,1,Hold x1,2026-04-09
SBI Technology Opportunities Fund,Hold,,"IT-heavy thematic; can't give full marks now, revisit after IT earnings.",2026-04-09,2026-04-09,1,Hold x1,2026-04-09
Healthcare Global,Hold,,Not a bad stock; valuations low in this uncertain market.,2026-04-09,2026-04-09,1,Hold x1,2026-04-09
Prostarm Info Systems,Hold,~140 (down from 250),"Check March result; if good hold, if messy exit. Listed <1 year.",2026-04-09,2026-04-09,1,Hold x1,2026-04-09
Tech Mahindra,Hold,"bought 1,740",More resilient than many other tech stocks in this fall.,2026-04-09,2026-04-09,1,Hold x1,2026-04-09
Canara Robeco,Buy,"long-term, ~25,000",Underperformed from listing but worth buying for the long term.,2026-04-09,2026-04-09,1,Buy x1,2026-04-09
MSCI China A 50 Connect Index ETF,Avoid,,Avoid Chinese market (too hard to track); prefers US (Nasdaq 100) for global exposure.,2026-04-09,2026-04-09,1,Avoid x1,2026-04-09
"24,000 Put Option (Nifty)",Hold,,Gave returns; should give decent returns but wait 1-2 more days (premiums high).,2026-04-09,2026-04-09,1,Hold x1,2026-04-09
Karur Vysya Bank,Hold,bought 213,One of the better-performing banks; risen well.,2026-04-09,2026-04-09,1,Hold x1,2026-04-09
Ashoka Buildcon,Hold,,Beaten-down infra; govt (central+state) infra spending supports; average after quarterly commentary.,2026-04-09,2026-04-09,1,Hold x1,2026-04-09
KNR Construction,Hold,,Beaten-down infra; govt (central+state) infra spending supports; average after quarterly commentary.,2026-04-09,2026-04-09,1,Hold x1,2026-04-09
Motilal Oswal Midcap Fund,Sell,,Underperforms; shift to better-performing schemes in the segment.,2026-04-09,2026-04-09,1,Sell x1,2026-04-09
Tata Small Cap Fund,Sell,,Underperforms; shift to better-performing schemes in the segment.,2026-04-09,2026-04-09,1,Sell x1,2026-04-09
Trident,Sell,exit on rallies (bought ~23),"Valuations high, trade-deal overhang; expensive, book profit on momentum.",2026-02-27,2026-04-08,2,"Avoid x1, Sell x1","2026-02-27,2026-04-08"
NLC India,Buy,,"Good choice; green division doing well, Telugu chairman doing an excellent job.",2026-04-08,2026-04-08,1,Buy x1,2026-04-08
Rainbow Hospitals,Buy,,"More resilient even in this fall; one of the better choices, no doubt.",2026-04-08,2026-04-08,1,Buy x1,2026-04-08
BPCL,Avoid,wait for crude clarity,Not the right time; enter oil-marketing companies only on crude-oil clarity or with risk appetite.,2026-01-29,2026-04-07,2,Avoid x2,"2026-01-29,2026-04-07"
"Vishal Mega Mart (""Walmart"") Retail",Accumulate,on dips,"Add slowly on dips; very strong in tier-2/north & mid-north India, MP; valuations high but stock strong.",2026-04-07,2026-04-07,1,Accumulate x1,2026-04-07
Container Corporation,Hold,exit near ~500 on rally,"Hold for now; semi-monopoly eroding like IRCTC, near 52-wk low; exit on a small rally toward 500.",2026-04-07,2026-04-07,1,Hold x1,2026-04-07
Pidilite,Buy,,"First choice over Lodha; strong brands, consistent business, year-on-year wealth creation.",2026-04-07,2026-04-07,1,Buy x1,2026-04-07
Lodha,Hold/Second choice,,Strong realty company but realty slows in a downturn (enquiries dropping); second to Pidilite.,2026-04-07,2026-04-07,1,Hold/Second choice x1,2026-04-07
Hindustan Copper,Hold,current,"Hold; decent multiplied stock, but recovery will be slow, not immediate; copper/silver momentum changed.",2026-04-07,2026-04-07,1,Hold x1,2026-04-07
NCC (Nagarjuna Construction),Average,~235 (avg cost),"Hold and average; promoters buying on dips, infra to have good days.",2026-04-06,2026-04-06,1,Average x1,2026-04-06
"Asset Management Companies (AMCs, e.g. Nippon Life AMC)",Buy,"current weakness (Nippon ~800, was >1,000)",Buy AMCs in this weakness; they jump with better valuations when bull market returns.,2026-04-06,2026-04-06,1,Buy x1,2026-04-06
SJVN / Suzlon / IRFC,Hold,,"At 38% loss; momentum down, in correction; hold, decent stocks not to be dumped.",2026-04-06,2026-04-06,1,Hold x1,2026-04-06
Tata Steel,Hold,,Hold; worst almost over.,2026-02-09,2026-04-01,2,Hold x2,"2026-02-09,2026-04-01"
Rainbow Children's Medicare (Rainbow Hospitals),Hold,,"No need to panic; even if last quarter slightly weak, doing extremely well; hospital valuations improving, will recover quickly.",2026-04-01,2026-04-01,1,Hold x1,2026-04-01
IRCTC,Hold,~518,"Worst almost over; railway monopoly but single-customer type; stable dividend player, don't expect outperforming gains (PE 25-26).",2026-04-01,2026-04-01,1,Hold x1,2026-04-01
"Nifty 23,000 Put (next series)",Buy,~500 premium,"Buy as portfolio hedge and sit tight one month, like a lottery ticket; premium ~500 shows how bearish the market is.",2026-03-27,2026-03-27,1,Buy x1,2026-03-27
"Bank Nifty 52,000 Put",Buy,,"Take the 52,000 put, shut up and sit; all 14 Bank Nifty constituents were negative.",2026-03-27,2026-03-27,1,Buy x1,2026-03-27
Bajaj Finance,Hold,,Fine; hold long-term.,2026-03-27,2026-03-27,1,Hold x1,2026-03-27
JK Tyre,Hold,,Good company but rising crude is a negative for tyre companies; hold with patience.,2026-03-27,2026-03-27,1,Hold x1,2026-03-27
"Jagan Sai's IPO (parent company that acquired NewMed, Australia)",Apply (IPO),,Company on a growth path; good IPO with good allotment chance in this market.,2026-03-27,2026-03-27,1,Apply (IPO) x1,2026-03-27
Ola (Ola Electric),Sell,,Exit on rallies; not worth a single rupee until you recover the loss.,2026-03-27,2026-03-27,1,Sell x1,2026-03-27
JPL/JTL Infra,Sell,,Exit on rallies.,2026-03-27,2026-03-27,1,Sell x1,2026-03-27
Shakti Pumps,Hold,,One to hold.,2026-03-27,2026-03-27,1,Hold x1,2026-03-27
Networth,Hold,,Hold.,2026-03-27,2026-03-27,1,Hold x1,2026-03-27
"25,000 Call Option (Dec 2026)",Hold,"bought at ~Rs 100, now at loss","Already bought long-duration; market swings 1,000+ pts/week, just wait, no point rethinking now.",2026-03-27,2026-03-27,1,Hold x1,2026-03-27
Nifty Top 10 Equal Weight Index,Buy,,"A better bet in a sell-off; e.g. DSP equal-weight portfolios, for slightly reasonable returns.",2026-03-27,2026-03-27,1,Buy x1,2026-03-27
Indo Farm Equipment,Hold,~118 (vs ~202 buy),Hold; corrected with the market; can reach ~200 over a 1-2 year horizon.,2026-01-30,2026-03-25,2,"Accumulate x1, Hold x1","2026-01-30,2026-03-25"
Mazagon Dock,Add,on dips,Buy-on-dips; add slowly with a long-term horizon; submarine demand coming. Not an immediate multibagger.,2026-02-18,2026-03-25,2,"Hold x1, Add x1","2026-02-18,2026-03-25"
Vishal Mega Mart,Accumulate,near 100,"Accumulate when it comes close to 100; will emerge as a stronger stock but a hype/80-PE stock, not cheap.",2026-02-27,2026-03-25,2,"Watch x1, Accumulate x1","2026-02-27,2026-03-25"
ITD Cementation (Cem India Projects),Hold,,"Hold at ~40% loss; fundamentally strong, good order book; Adani took it over; only infra-sector dullness weighs.",2026-03-25,2026-03-25,1,Hold x1,2026-03-25
HDFC Gold ETF FoF / HDFC Silver ETF FoF,Hold,,"Continue the SIP for the long term; gold/silver/precious metals are a good, important asset class. No doubt.",2026-03-25,2026-03-25,1,Hold x1,2026-03-25
Premier Explosives,Hold,buy on sharp dip,"Hold; resilient/strong. Fresh buying only on a sharp dip - it's a hype stock, don't rush.",2026-03-25,2026-03-25,1,Hold x1,2026-03-25
Linde / Industrial Gases (caller's 'L&B'),Hold,current levels,Hold at current levels even at a loss; one of few cos with ~50%-plus margins; some trading activity.,2026-03-25,2026-03-25,1,Hold x1,2026-03-25
Bharat Coking Coal,Hold,,Hold as of now; not the time to exit (at ~11% loss).,2026-03-25,2026-03-25,1,Hold x1,2026-03-25
Weaker stocks (general),Sell,"near Nifty 24,000","Exit all weaker stocks when markets recover and come closer to the 24,000 level.",2026-03-25,2026-03-25,1,Sell x1,2026-03-25
Nifty BeES (from PF),Avoid,,Risky for PF/retirement money; only with risk appetite and a 5-year-plus horizon; otherwise don't disturb it.,2026-03-25,2026-03-25,1,Avoid x1,2026-03-25
GSPL,Sell,260-280 on rally,"Exit on rallies (at ~43% loss); near 52-week low, hit by Gulf war, weak last-quarter result; sell into a rally to 260-280.",2026-03-25,2026-03-25,1,Sell x1,2026-03-25
Protean eGov Technologies,Avoid,,"Speculative, risky bet as of now",2026-03-24,2026-03-24,1,Avoid x1,2026-03-24
Precision Wires,Accumulate,,Start accumulating at these levels,2026-03-19,2026-03-19,1,Accumulate x1,2026-03-19
L&T Technology Services,Hold,,Hold; exit on relief rally after Q4,2026-03-19,2026-03-19,1,Hold x1,2026-03-19
Cams,Watch,,Wait and watch; not a bad stock but temporarily weak,2026-03-18,2026-03-18,1,Watch x1,2026-03-18
Cyient DLM,Watch,,Wait and watch; check if institutional exit or a bottom,2026-03-18,2026-03-18,1,Watch x1,2026-03-18
Gold,Avoid,Below 5000 USD/oz,Stay away from precious metals for now,2026-03-18,2026-03-18,1,Avoid x1,2026-03-18
Transformers & Rectifiers,Hold,halved from 52-week highs,"Hold; no fresh buying, stock became very speculative",2026-02-12,2026-03-16,2,"Sell x1, Hold x1","2026-02-12,2026-03-16"
Jindal Saw,Accumulate,"bought 314, ~42% down",Long-term holders only can slowly accumulate on promoter buying,2026-03-16,2026-03-16,1,Accumulate x1,2026-03-16
ADSL,Avoid,"bought 180, now ~94-95",Don't average; should have exited in December on weak result,2026-03-16,2026-03-16,1,Avoid x1,2026-03-16
Blue Jet Healthcare,Hold,bought 560,Not a bad stock; average only after market settles,2026-03-16,2026-03-16,1,Hold x1,2026-03-16
UltraTech Cement,Watch,+3% (lead gainer),Cement sector firmer on volume; infra boost and pre-monsoon demand,2026-03-16,2026-03-16,1,Watch x1,2026-03-16
Hindalco,Buy,,Looking much better; large-cap marriage-gift pick,2026-03-16,2026-03-16,1,Buy x1,2026-03-16
Reliance Industries,Accumulate,,Accumulate slowly for the long term on sum-of-the-parts and AI value,2026-02-02,2026-03-13,2,"Add x1, Accumulate x1","2026-02-02,2026-03-13"
Gitanjali Gems / Kingfisher Airlines / Mercator / GVK Power / Lanco / Alliance,Avoid,,Dead/untradeable stocks with no liquidity,2026-03-13,2026-03-13,1,Avoid x1,2026-03-13
SMS Pharma (Fizility),Hold,,"Dark-horse bet; hold if already bought, buy as a dark-horse bet if fresh",2026-03-10,2026-03-10,1,Hold x1,2026-03-10
Asian Paints,Avoid,,Rising crude is a big negative for paints; wait until crude cools,2026-03-10,2026-03-10,1,Avoid x1,2026-03-10
Cupid,Hold,,"Resilient, flat result but rose; operators stronger in the counter",2026-03-10,2026-03-10,1,Hold x1,2026-03-10
Eternal (Zomato),Add,,Can add on dips; now an institutional stock that corrected from highs,2026-03-10,2026-03-10,1,Add x1,2026-03-10
Avantel,Accumulate,below 140,Start accumulating below 140; defence order book improving,2026-02-10,2026-03-09,2,"Avoid x1, Accumulate x1","2026-02-10,2026-03-09"
Krishna Institute of Medical Sciences (KIMS),Buy,,Top pick among hospital stocks for growing pan-India presence,2026-03-09,2026-03-09,1,Buy x1,2026-03-09
Utkarsh Small Finance Bank,Hold,,"No need to sell at this rate, but stay alert",2026-03-09,2026-03-09,1,Hold x1,2026-03-09
DC Infotech and Communication,Avoid,,Low-margin distribution/trading company; don't buy,2026-03-06,2026-03-06,1,Avoid x1,2026-03-06
Sam Metalics,Watch,Buy near 700 (52-week low),Higher-PE stock; buy only on dip to ~700 / 52-week low,2026-03-06,2026-03-06,1,Watch x1,2026-03-06
Zensar Technologies,Hold,,Hold; may take a bit of time,2026-03-05,2026-03-05,1,Hold x1,2026-03-05
Force Motors,Watch,,At highs; wait for a significant correction before buying,2026-03-05,2026-03-05,1,Watch x1,2026-03-05
Old Tamp (exact name unclear in captions),Avoid,,Avoid; sector appears to have peaked,2026-03-05,2026-03-05,1,Avoid x1,2026-03-05
Suven Life Sciences,Watch,,Wait; no need to rush in,2026-03-05,2026-03-05,1,Watch x1,2026-03-05
Jeena Sikho Lifecare,Watch,,"Good results but weak market drags everything; be careful, follow technicals",2026-03-04,2026-03-04,1,Watch x1,2026-03-04
Sai Life Sciences,Hold,near 52-week high,"Confident of ~25-30% more upside; hold in profit with trailing stop, buy fresh only on a correction",2026-03-02,2026-03-02,1,Hold x1,2026-03-02
HMA Agro,Avoid,around Rs 23; consider only below 20,Avoid for now; Gulf-facing exports vulnerable in this conflict,2026-03-02,2026-03-02,1,Avoid x1,2026-03-02
Sergility,Hold,around Rs 36-37,Dark-horse outsourced-services play at 52-week low; hold for now,2026-03-02,2026-03-02,1,Hold x1,2026-03-02
National Fertilizers (NFL),Hold,around Rs 70; exit on rallies near Rs 100,"Weak chart; seasonal result; hold, don't sell, exit on rallies near 100",2026-03-02,2026-03-02,1,Hold x1,2026-03-02
RR Kabel,Buy,on small declines; support 1420-1430,"Good demand; buy on any small decline, don't chase near 52-week high",2026-03-02,2026-03-02,1,Buy x1,2026-03-02
HBL Engineering,Sell,,Lower-top/lower-bottom since failing 1000; sell on rallies,2026-02-09,2026-02-27,2,"Buy x1, Sell x1","2026-02-09,2026-02-27"
L&T Finance,Sell,,Sell/exit on rallies; gold-lending tailwind fading,2026-02-24,2026-02-27,2,"Add x1, Sell x1","2026-02-24,2026-02-27"
Polycab,Buy,,Good selection; start in tranches,2026-02-27,2026-02-27,1,Buy x1,2026-02-27
Bharti Airtel,Buy,,Good selection; start in tranches,2026-02-27,2026-02-27,1,Buy x1,2026-02-27
Vyash (ex-Sequent Scientific),Hold,,"Lot of churning post-merger; hold, no fresh buying",2026-02-27,2026-02-27,1,Hold x1,2026-02-27
KIMS Hospital,Hold,,Hospital stocks on better footing; hold,2026-02-27,2026-02-27,1,Hold x1,2026-02-27
JK Enterprises,Hold,,"Defense 'noise' not justified by results; hold, await Q result",2026-02-27,2026-02-27,1,Hold x1,2026-02-27
Saint DLM,Hold,,Hype to reality; top line stabilizing; hold,2026-02-27,2026-02-27,1,Hold x1,2026-02-27
LIC Housing Finance,Hold,,Dull but steady long-term/high-dividend; no multibagger,2026-02-27,2026-02-27,1,Hold x1,2026-02-27
HCC (Hindustan Construction),Sell,,Speculative counter; exit on rallies,2026-02-27,2026-02-27,1,Sell x1,2026-02-27
Malu Paper,Avoid,,Loss-making; avoid; only large paper names,2026-02-27,2026-02-27,1,Avoid x1,2026-02-27
Balaji Amines,Watch,,"Near 52-wk low, last result flat; watch",2026-02-27,2026-02-27,1,Watch x1,2026-02-27
Sterlite Technologies,Watch,,Data-center theme; dark-horse bet,2026-02-27,2026-02-27,1,Watch x1,2026-02-27
KRN Heat Exchanger,Watch,,Niche cooling/refrigeration; near 52-wk high,2026-02-27,2026-02-27,1,Watch x1,2026-02-27
NHPC,Hold,,Hold for dividend; target rates far off,2026-02-27,2026-02-27,1,Hold x1,2026-02-27
Lemon Tree Hotels,Hold,,"Hold through Q4 results, then decide",2026-02-09,2026-02-26,2,Hold x2,"2026-02-09,2026-02-26"
Shilpa Medicare,Hold,,Hold; one of better oncology names,2026-02-26,2026-02-26,1,Hold x1,2026-02-26
Waaree Energies,Buy,,Buy long-term (2-3 yr); watch US export fine print,2026-02-26,2026-02-26,1,Buy x1,2026-02-26
Vansal Pumps,Hold,,"Hold; if Q4 good, exit on recovery to 450-500",2026-02-26,2026-02-26,1,Hold x1,2026-02-26
Larsen & Toubro,Buy,,Part of well-chosen long-term basket,2026-02-26,2026-02-26,1,Buy x1,2026-02-26
Jio Financial Services,Buy,,Part of well-chosen long-term basket,2026-02-26,2026-02-26,1,Buy x1,2026-02-26
Dr. Reddy's Laboratories,Buy,,Part of well-chosen long-term basket,2026-02-26,2026-02-26,1,Buy x1,2026-02-26
Aditya Birla Fashion and Retail (ABFRL),Hold,,Hold for the large-group angle,2026-02-26,2026-02-26,1,Hold x1,2026-02-26
Orient Technologies,Hold,,Don't sell; doing something in infra,2026-02-26,2026-02-26,1,Hold x1,2026-02-26
Aavas Financiers,Watch,,Wait and watch; no rush to buy,2026-02-26,2026-02-26,1,Watch x1,2026-02-26
India Shelter Finance,Avoid,,Steady but won't deliver outperforming gains,2026-02-26,2026-02-26,1,Avoid x1,2026-02-26
Afcons Infrastructure,Hold,,Hold long term; attractive valuation near 52-week low,2026-02-09,2026-02-25,2,Hold x2,"2026-02-09,2026-02-25"
Aditya Birla Fashion & Retail (ABFRL),Hold,,Not a bad stock; brands; recovers when retailing improves,2026-02-25,2026-02-25,1,Hold x1,2026-02-25
Motherson Sumi Wiring (MSUMI),Hold,,Hold; caller at breakeven,2026-02-25,2026-02-25,1,Hold x1,2026-02-25
Eris Lifesciences,Buy,,Buy for long term only; value after correction,2026-02-25,2026-02-25,1,Buy x1,2026-02-25
Laxmi Organics,Avoid,Rs 273 (caller's price),Weak stock; not worth even at this price,2026-02-25,2026-02-25,1,Avoid x1,2026-02-25
Hexaware Technology,Avoid,,Avoidable; exit on rallies,2026-02-25,2026-02-25,1,Avoid x1,2026-02-25
HDFC Life,Hold,,Hold; caller at 28% profit,2026-02-25,2026-02-25,1,Hold x1,2026-02-25
Sagility,Hold,,Hold per last result; corrected from ~54-55 to 42-43,2026-02-24,2026-02-24,1,Hold x1,2026-02-24
Stallion Fluoro Chemicals,Avoid,,Operated counter; don't buy fresh at this price,2026-02-23,2026-02-23,1,Avoid x1,2026-02-23
Hitech Pipes,Avoid,,Avoid; exit on rallies,2026-02-23,2026-02-23,1,Avoid x1,2026-02-23
Sezzle India,Accumulate,,Accumulate from current levels for the long term; can give decent returns.,2026-02-20,2026-02-20,1,Accumulate x1,2026-02-20
PFC,Buy,,"Good dividend-yield bet as an FD alternative, alongside NTPC.",2026-02-20,2026-02-20,1,Buy x1,2026-02-20
PNB,Add,,Large dividend payer; add on a pullback for dividend yield.,2026-02-20,2026-02-20,1,Add x1,2026-02-20
Kotak Mahindra Bank,Buy,,"Contrarian buy; good management, fundamentals and nationwide franchise.",2026-02-20,2026-02-20,1,Buy x1,2026-02-20
WPIL (Worthington Pumps),Hold,450-500 (upside target),"Good niche engineering company; slow and steady, can go back up to 450-500. Hold.",2026-02-20,2026-02-20,1,Hold x1,2026-02-20
Newjaisa (News & Soft),Avoid,,Don't chase; sustains only with follow-up buying. Mandatory stop-loss above 600.,2026-02-20,2026-02-20,1,Avoid x1,2026-02-20
GRSE (Garden Reach Shipbuilders),Hold,2400-2500,Hold; becoming attractive at current levels,2026-02-18,2026-02-18,1,Hold x1,2026-02-18
RateGain Travel,Hold,700-800,Hold cautiously; watch margins/acquisition,2026-02-18,2026-02-18,1,Hold x1,2026-02-18
PFC (Power Finance Corporation),Accumulate,,Accumulate on every decline,2026-02-18,2026-02-18,1,Accumulate x1,2026-02-18
BlueStone Jewellery,Avoid,,Avoid; exit on rallies,2026-02-18,2026-02-18,1,Avoid x1,2026-02-18
Raymond Lifestyle,Hold,,Hold; exit on rallies,2026-02-18,2026-02-18,1,Hold x1,2026-02-18
Sammaan Capital,Watch,145-148,Speculative bet only,2026-02-18,2026-02-18,1,Watch x1,2026-02-18
HUDCO,Watch,210-215,Buy only for dividend; limited upside,2026-02-18,2026-02-18,1,Watch x1,2026-02-18
Kaynes Technology,Watch,4000,Wait one more quarter for fresh buying,2026-02-18,2026-02-18,1,Watch x1,2026-02-18
Quality Walls,Buy,22-23,"Buy nearer 22-23, in March",2026-02-18,2026-02-18,1,Buy x1,2026-02-18
Anup Engineering,Hold,,Hold; low-liquidity caution,2026-02-18,2026-02-18,1,Hold x1,2026-02-18
Talbros Automotive,Hold,~280-300,"One of the better auto-ancillary names, decent results",2026-02-17,2026-02-17,1,Hold x1,2026-02-17
Senco Gold,Hold,320-330 base; can attempt 400,Eye-popping Dec result + precious-metals rally,2026-02-17,2026-02-17,1,Hold x1,2026-02-17
TVS Supply Chain Solutions,Buy,buy on dip to 107-108,"Turnaround result, new high likely shortly",2026-02-17,2026-02-17,1,Buy x1,2026-02-17
Sharath Industries,Hold,~170,Former dark horse; controlled/operated stock,2026-02-17,2026-02-17,1,Hold x1,2026-02-17
Tilaknagar Industries,Avoid,,"Poor recent results, promoter pledging; wait and see",2026-02-17,2026-02-17,1,Avoid x1,2026-02-17
Divi's Laboratories,Hold,,Bought near 52-week low; large pharma name,2026-02-17,2026-02-17,1,Hold x1,2026-02-17
News & Soft (Nucleus Software / News & Soft),Hold,,Fell with IT; nothing wrong company-specific,2026-02-17,2026-02-17,1,Hold x1,2026-02-17
Hindustan Aeronautics,Hold,,Monopoly PSU; correction is a buying opportunity,2026-02-17,2026-02-17,1,Hold x1,2026-02-17
Usha Martin,Avoid,,No fresh buying; book some profits,2026-02-09,2026-02-13,2,"Watch x1, Avoid x1","2026-02-09,2026-02-13"
Kaynes Technologies,Avoid,,Exit on rallies; relief rallies not holding,2026-02-13,2026-02-13,1,Avoid x1,2026-02-13
Marksons Pharma,Avoid,200,Exit on rallies; weak December result,2026-02-13,2026-02-13,1,Avoid x1,2026-02-13
Amara Raja Energy,Hold,,"Hold; transformative capex stage, fundamentally strong",2026-02-13,2026-02-13,1,Hold x1,2026-02-13
Satvik Green Energy,Hold,,"Hold; recently listed, needs time",2026-02-13,2026-02-13,1,Hold x1,2026-02-13
HPL Electric,Hold,,"Hold; recently listed, needs time",2026-02-13,2026-02-13,1,Hold x1,2026-02-13
Reliance Infrastructure,Avoid,,Dark-horse holding/implementation company; news rallies fizzle,2026-02-13,2026-02-13,1,Avoid x1,2026-02-13
Jammu & Kashmir Bank,Sell,115-117,Partial exit; best of its time likely over,2026-02-13,2026-02-13,1,Sell x1,2026-02-13
Bell Rice Industries,Hold,,"Buy only on declines; if held, trailing stop and hold",2026-02-13,2026-02-13,1,Hold x1,2026-02-13
Poly Medicure,Hold,1580-1600,Hold; flagship med-equipment company,2026-02-13,2026-02-13,1,Hold x1,2026-02-13
REC,Hold,,"Hold; don't sell, P/E ~5 and high dividend",2026-02-13,2026-02-13,1,Hold x1,2026-02-13
Vikran Engineering,Watch,75-76,No buy now; enter ~75-76 after a further ~15% fall,2026-02-13,2026-02-13,1,Watch x1,2026-02-13
JSW Energy,Add,,Add and hold; one of the better energy plays,2026-02-12,2026-02-12,1,Add x1,2026-02-12
Narayana Hrudayalaya,Buy,,Buy after results (13th),2026-02-12,2026-02-12,1,Buy x1,2026-02-12
HFCL,Hold,,Hold; transforming into a defense company,2026-02-12,2026-02-12,1,Hold x1,2026-02-12
Syngene International,Sell,,Exit on rallies; very weak,2026-02-12,2026-02-12,1,Sell x1,2026-02-12
Quess Corp,Hold,,"High debt is working capital, no concern",2026-02-12,2026-02-12,1,Hold x1,2026-02-12
CCL Products,Accumulate,930-940,Accumulate on a modest dip,2026-02-12,2026-02-12,1,Accumulate x1,2026-02-12
Canfin Homes,Hold,,"Stay in Canfin, don't shift to RBL/AU",2026-02-12,2026-02-12,1,Hold x1,2026-02-12
DB Realty (Valor Estate),Avoid,,Speculative only; prefer frontline realty,2026-02-12,2026-02-12,1,Avoid x1,2026-02-12
Nifty 26000 monthly call option,Hold,180,"Hold but trim above 25,900",2026-02-12,2026-02-12,1,Hold x1,2026-02-12
ONGC,Hold,trim near 310-320,Hold; dividend stock near 52-week high,2026-02-11,2026-02-11,1,Hold x1,2026-02-11
Maruti Suzuki,Accumulate,"closer to 15,000; support 14,600-700","Accumulate slowly on dips toward 15,000",2026-02-11,2026-02-11,1,Accumulate x1,2026-02-11
Healthcare Global Enterprises,Buy,~600 (consider after ex-rights),Long-term buy only; better to enter after ex-rights,2026-02-11,2026-02-11,1,Buy x1,2026-02-11
Electronics Mart India,Avoid,exit even on rally toward 189,"Avoid; weak bottom line, only a retailer",2026-02-11,2026-02-11,1,Avoid x1,2026-02-11
PTC Engineering,Avoid,"buy only on cross above 1,000",Avoid for now; lower-top lower-bottom pattern,2026-02-11,2026-02-11,1,Avoid x1,2026-02-11
RBL Bank,Avoid,exit near 340,"Hold but exit on bounce; narrow band 300-340, no immediate move to old 400+ highs.",2026-02-10,2026-02-10,1,Avoid x1,2026-02-10
Nifty ETF,Buy,,Safest route if you can't bear individual-stock volatility (vs large-caps).,2026-02-10,2026-02-10,1,Buy x1,2026-02-10
Lokesh Machines,Hold,200-plus after March,"Hold, don't shift to Avantel yet; check result, may go 200+ after March then shift.",2026-02-10,2026-02-10,1,Hold x1,2026-02-10
PPL Pharma,Sell,,Switch from PPL Pharma to Laurus Labs - no doubt.,2026-02-10,2026-02-10,1,Sell x1,2026-02-10
Sequent Scientific,Hold,,Hold; first post-name-change quarterly given optimistically; good long-term returns.,2026-02-10,2026-02-10,1,Hold x1,2026-02-10
Nippon India Small Cap Fund,Buy,,Continue SIP; performing nicely.,2026-02-10,2026-02-10,1,Buy x1,2026-02-10
Kotak Flexi Cap Fund,Buy,,Continue SIP; performing nicely.,2026-02-10,2026-02-10,1,Buy x1,2026-02-10
HDFC Large and Mid Cap Fund,Buy,,Continue SIP; sometimes underperforms ICICI Pru/Motilal Oswal Large&Mid but good long-run.,2026-02-10,2026-02-10,1,Buy x1,2026-02-10
Mirae Asset Large and Mid Cap Fund,Buy,,Continue SIP; sometimes underperforms peers but good long-run returns.,2026-02-10,2026-02-10,1,Buy x1,2026-02-10
IRB InvIT,Buy,near 52-week high; ~13% yield,"Buy; ~13% dividend, parent toll revenue up 6500->7500 cr YoY; five toll assets + a HAM asset.",2026-02-10,2026-02-10,1,Buy x1,2026-02-10
Maithan Alloys,Hold,,"Hold if you have the time horizon; undervalued, deploys cash into equities; else switch to MF.",2026-02-10,2026-02-10,1,Hold x1,2026-02-10
DCX Systems,Hold,,"Hold and wait for the 12th board-meeting (Dec) result; turnaround would help, else may retest 52-wk low.",2026-02-10,2026-02-10,1,Hold x1,2026-02-10
Aditya Birla Capital,Hold,near 52-week high,"Hold, don't book profit; group flagship in capital markets, near 52-week high - keep a trailing stop and let it run.",2026-02-10,2026-02-10,1,Hold x1,2026-02-10
IGIL,Hold,,"Hold long-term; good margins, US-India trade deal a positive; range-bound with short/medium-term global impacts.",2026-02-10,2026-02-10,1,Hold x1,2026-02-10
Rolex Rings,Buy,near 110,"Buy near 110; auto-ancillary, stock split done, liquidity up",2026-02-09,2026-02-09,1,Buy x1,2026-02-09
Prime Focus,Avoid,~280 (current),Avoid at current levels after 200% 6-month run,2026-02-09,2026-02-09,1,Avoid x1,2026-02-09
Advanced Agrolife,Watch,~130 (current),"Wait another quarter; weak Dec result, micro-cap",2026-02-09,2026-02-09,1,Watch x1,2026-02-09
SBFC Finance,Buy,,"Buy for short/short-medium term only, not long term",2026-02-09,2026-02-09,1,Buy x1,2026-02-09
Indegene,Hold,,"Hold; weak-looking but high potential, not cheap",2026-02-09,2026-02-09,1,Hold x1,2026-02-09
Tata Capital,Accumulate,"320-330 (accumulate), 425-430 (target)",Buy/accumulate; medium-term target 425-430,2026-02-09,2026-02-09,1,Accumulate x1,2026-02-09
Eternal,Avoid,~138 (current),Avoid as investment; now a trading/F&O bet,2026-02-09,2026-02-09,1,Avoid x1,2026-02-09
Transformers and Rectifiers India (TARIL),Avoid,exit on rallies around 310-320,Even good Dec results couldn't lift the stock; exit on rallies,2026-02-06,2026-02-06,1,Avoid x1,2026-02-06
Hitachi Energy,Buy,buy on dips,Record results (+90% net profit); buy on every dip,2026-02-06,2026-02-06,1,Buy x1,2026-02-06
Standard Glass Lining / Standard Engineering,Hold,range 120-140,Range-bound 120-140 absent game-changing news,2026-02-06,2026-02-06,1,Hold x1,2026-02-06
Bharti Hexacom,Hold,,One of the 3-yr outperformers; exit only on rallies if needed,2026-02-06,2026-02-06,1,Hold x1,2026-02-06
Windlas Biotech,Buy,,Buy at attractive valuation; stock-picker's paradise now,2026-02-02,2026-02-02,1,Buy x1,2026-02-02
ICICI Prudential Nifty 200 Fund / Bandhan Infrastructure Fund,Avoid,,Switch out of broader-market and infra themes into diversified funds,2026-02-02,2026-02-02,1,Avoid x1,2026-02-02
IREDA,Hold,,"Hold; IPO froth cooled, watch NPA recovery",2026-01-30,2026-01-30,1,Hold x1,2026-01-30
Morepen Labs,Hold,,Hold; demerger of medical-devices business could add momentum,2026-01-30,2026-01-30,1,Hold x1,2026-01-30
Somany Ceramics,Hold,,"Flat results; near 52-week low, hold for post-Budget infra push",2026-01-29,2026-01-29,1,Hold x1,2026-01-29
Nippon Gold BeES,Avoid,,Don't take a gold loan to invest; use savings only,2026-01-29,2026-01-29,1,Avoid x1,2026-01-29
HG Infra,Hold,,Hold all infra ahead of Budget; Dec results awaited,2026-01-29,2026-01-29,1,Hold x1,2026-01-29
Gold ETF (Tata Gold ETF / Nippon Gold BeES / ICICI Pru Gold),Accumulate,,Continue gold SIP/ETF; weak dollar and central-bank buying support gold,2026-01-28,2026-01-28,1,Accumulate x1,2026-01-28
